Cycle,Sample,Temperature,Humidity,Larvae_weight,Num_of_pupae,Substratebefordrying,Substrateafterdrying,Pupation_Percentage_for_Day_14
1016,1,31.4,73,249,0,13.65,2.85,68
1016,2,31.4,70,402,3,13.65,4.2,68
1016,3,31.4,73,555,7,13.65,3.98,68
1016,4,31.4,71,708,9,13.65,3.98,68
1016,5,31.4,72,861,10,11,3.98,68
1016,6,31.4,72,1014,10,16.3,3.98,68
1016,7,31.4,73,1168,11,13.65,3.98,68
1016,8,31.4,77,1321,13,13.65,4.9,68
1016,9,31.4,77,1474,19,13.65,3.98,68
1016,10,31.4,72,1627,23,13.65,3.98,68
1016,11,31.4,73,1780,26,13.65,3.98,68
1016,12,31.4,70,1933,29,13.65,3.98,68
1016,13,31.4,80,1933,30,13.65,3.98,68
1016,14,31.4,70,600,34,13.65,3.98,68
1910,1,31.4,77,249,0,13.07,4.9,74
1910,2,31.4,74,478,2,13.07,4.51,74
1910,3,31.4,76,707,2,11,4.51,74
1910,4,31.4,72,936,4,13.07,5.15,74
1910,5,31.4,72,1164,8,13.07,5.15,74
1910,6,31.4,79,1393,19,13.07,4.51,74
1910,7,31.4,78,1622,19,13.07,4.51,74
1910,8,31.4,79,1851,21,17.2,4.51,74
1910,9,31.4,76,2080,19,11,4.2,74
1910,10,31.4,80,2080,22,13.07,4.51,74
1910,11,31.4,74,1710,26,13.07,4.9,74
1910,12,31.4,79,1340,29,13.07,4.51,74
1910,13,31.4,74,970,32,13.07,2.75,74
1910,14,31.4,72,600,37,13.07,4.51,74
1990,1,31.4,76,249,0,14.81,4.32,48
1990,2,31.4,70,329,3,11,4.32,48
1990,3,31.4,72,408,47,14.81,4.32,48
1990,4,31.4,70,488,49,14.81,4.32,48
1990,5,31.4,77,567,50,11,4.32,48
1990,6,31.4,78,647,50,14.81,4.32,48
1990,7,31.4,72,727,50,14.81,4.32,48
1990,8,31.4,72,806,50,14.81,4.5,48
1990,9,31.4,75,886,50,14.81,4.32,48
1990,10,31.4,77,965,50,14.81,5.15,48
1990,11,31.4,74,1045,50,14.81,4.32,48
1990,12,31.4,75,1125,19,18.7,4.9,48
1990,13,31.4,77,1204,21,14.81,4.32,48
1990,14,31.4,73,1284,24,14.81,4.32,48
1960,1,31.4,77,249,0,14.01,3.59,100
1960,2,31.4,72,329,1,11,3.59,100
1960,3,31.4,76,408,2,14.01,4.2,100
1960,4,31.4,73,488,6,14.01,3.59,100
1960,5,31.4,73,567,10,18.7,3.59,100
1960,6,31.4,74,647,14,14.01,2.75,100
1960,7,31.4,74,727,17,14.01,3.59,100
1960,8,31.4,77,806,22,14.01,3.59,100
1960,9,31.4,73,886,25,14.01,3.59,100
1960,10,31.4,75,965,28,17.7,3.59,100
1960,11,31.4,73,1045,32,14.01,3.59,100
1960,12,31.4,74,1125,34,14.01,3.59,100
1960,13,31.4,73,1204,38,14.01,4.2,100
1960,14,31.4,70,1284,38,14.01,3.59,100
1886,1,31.4,80,249,0,18.7,2.75,98
1886,2,31.4,77,329,3,11,4.2,98
1886,3,31.4,74,409,6,16.14,4.06,98
1886,4,31.4,73,490,6,16.14,4.2,98
1886,5,31.4,73,570,7,16.14,4.06,98
1886,6,31.4,77,650,9,17.7,4.2,98
1886,7,31.4,73,730,12,16.14,2.85,98
1886,8,31.4,75,810,13,17.2,4.06,98
1886,9,31.4,70,891,15,16.14,4.06,98
1886,10,31.4,75,971,17,16.14,4.06,98
1886,11,31.4,75,1051,20,16.14,4.06,98
1886,12,31.4,73,1131,22,16.14,4.06,98
1886,13,31.4,72,1211,24,16.14,4.06,98
1886,14,31.4,77,1291,26,16.14,4.2,98
1750,1,31.4,72,249,0,14.35,5.15,44
1750,2,31.4,78,478,2,14.35,4.11,44
1750,3,31.4,76,707,7,14.35,4.11,44
1750,4,31.4,73,936,10,17.7,4.11,44
1750,5,31.4,78,1164,11,14.35,2.75,44
1750,6,31.4,79,1393,12,14.35,4.5,44
1750,7,31.4,80,1622,14,11,2.75,44
1750,8,31.4,73,1851,18,14.35,4.11,44
1750,9,31.4,75,2080,18,14.35,4.11,44
1750,10,31.4,80,2080,20,14.35,4.11,44
1750,11,31.4,76,1710,23,17.7,4.11,44
1750,12,31.4,70,1340,19,14.35,4.2,44
1750,13,31.4,72,970,21,11,4.5,44
1750,14,31.4,77,600,22,14.35,4.9,44
1307,1,31.4,77,249,0,17.7,2.85,100
1307,2,31.4,75,432,0,15.3,3.76,100
1307,3,31.4,76,615,4,15.3,3.76,100
1307,4,31.4,72,798,7,15.3,3.76,100
1307,5,31.4,73,981,11,11,3.76,100
1307,6,31.4,76,1164,3,15.3,3.76,100
1307,7,31.4,79,1348,4,15.3,3.76,100
1307,8,31.4,80,1531,9,17.2,3.76,100
1307,9,31.4,73,1714,10,15.3,4.2,100
1307,10,31.4,79,1897,47,15.3,3.76,100
1307,11,31.4,70,2080,50,15.3,2.85,100
1307,12,31.4,78,2080,50,15.3,5.15,100
1307,13,31.4,79,1340,50,15.3,3.76,100
1307,14,31.4,76,600,50,15.3,3.76,100
1565,1,31.4,78,249,0,16.3,3.76,100
1565,2,31.4,72,432,4,16.3,4.5,100
1565,3,31.4,70,615,8,16.3,2.75,100
1565,4,31.4,72,798,12,16.3,3.76,100
1565,5,31.4,71,981,16,16.3,4.2,100
1565,6,31.4,80,1164,17,16.3,3.76,100
1565,7,31.4,77,1348,47,16.3,3.76,100
1565,8,31.4,79,1531,48,16.3,3.76,100
1565,9,31.4,74,1714,48,16.3,3.76,100
1565,10,31.4,72,1897,49,16.3,3.76,100
1565,11,31.4,78,2080,50,16.3,2.85,100
1565,12,31.4,73,2080,50,16.3,3.76,100
1565,13,31.4,78,1340,50,16.3,3.76,100
1565,14,31.4,72,600,50,16.3,4.5,100
1950,1,31.4,73,249,0,17.2,4.25,70
1950,2,31.4,74,432,1,16.3,5.15,70
1950,3,31.4,77,615,4,17.2,4.25,70
1950,4,31.4,74,798,8,11,4.25,70
1950,5,31.4,75,981,9,15.9,4.25,70
1950,6,31.4,76,1164,13,15.9,4.25,70
1950,7,31.4,75,1348,17,17.7,4.2,70
1950,8,31.4,79,1531,19,15.9,4.25,70
1950,9,31.4,71,1714,22,11,4.25,70
1950,10,31.4,80,1897,24,15.9,4.25,70
1950,11,31.4,74,2080,28,17.7,4.25,70
1950,12,33.1,70,2080,30,18.7,4.9,70
1950,13,33.1,78,1340,33,16.3,2.75,70
1950,14,33.1,72,600,35,15.9,4.25,70
1491,1,33.1,70,249,0,11,4.06,18
1491,2,33.1,80,432,3,15.23,4.06,18
1491,3,33.1,71,615,5,17.2,4.06,18
1491,4,33.1,76,798,5,17.2,4.06,18
1491,5,33.1,70,981,6,15.23,4.06,18
1491,6,33.1,71,1164,9,15.23,4.06,18
1491,7,33.1,75,1348,47,15.23,4.5,18
1491,8,33.1,76,1531,47,15.23,4.06,18
1491,9,33.1,72,1714,49,16.3,4.06,18
1491,10,33.1,78,1897,50,15.23,2.75,18
1491,11,33.1,77,2080,3,11,4.5,18
1491,12,33.1,72,2080,6,15.23,4.06,18
1491,13,33.1,71,1340,9,18.7,4.06,18
1491,14,33.1,73,600,9,15.23,4.5,18
1128,1,33.1,75,249,0,17.7,2.8,100
1128,2,33.1,79,478,1,16,2.8,100
1128,3,33.1,74,707,47,16,2.8,100
1128,4,33.1,70,936,49,16,2.85,100
1128,5,33.1,71,1164,50,16.3,2.8,100
1128,6,33.1,74,1393,50,16,2.8,100
1128,7,33.1,74,1622,50,16,2.85,100
1128,8,33.1,79,1851,50,16,2.8,100
1128,9,33.1,75,2080,50,16,2.8,100
1128,10,33.1,72,2080,50,11,2.8,100
1128,11,33.1,73,1710,50,16,2.8,100
1128,12,33.1,72,1340,50,16.3,2.75,100
1128,13,33.1,74,970,50,18.7,2.8,100
1128,14,33.1,77,600,50,16,2.75,100
1610,1,33.1,78,249,0,14.35,4.68,100
1610,2,33.1,75,460,1,17.7,4.68,100
1610,3,33.1,78,670,2,14.35,4.2,100
1610,4,33.1,75,880,5,14.35,5.15,100
1610,5,33.1,72,1091,8,14.35,4.68,100
1610,6,33.1,72,1302,19,14.35,4.68,100
1610,7,33.1,74,1512,47,14.35,4.68,100
1610,8,33.1,72,1722,48,11,4.68,100
1610,9,33.1,75,1933,48,14.35,4.68,100
1610,10,33.1,71,1933,49,14.35,4.68,100
1610,11,33.1,79,1600,50,14.35,4.68,100
1610,12,33.1,72,1266,50,14.35,4.68,100
1610,13,33.1,77,933,50,14.35,4.68,100
1610,14,33.1,71,600,50,14.35,4.68,100
1021,1,33.1,72,249,0,15.98,4.79,100
1021,2,33.1,72,432,3,15.98,4.79,100
1021,3,33.1,70,615,7,15.98,4.79,100
1021,4,33.1,72,798,10,15.98,4.79,100
1021,5,33.1,72,981,14,15.98,4.79,100
1021,6,33.1,76,1164,47,15.98,5.15,100
1021,7,33.1,77,1348,49,16.3,4.79,100
1021,8,33.1,73,1531,49,11,4.9,100
1021,9,33.1,75,1714,50,15.98,4.79,100
1021,10,33.1,78,1897,50,17.2,4.9,100
1021,11,33.1,75,2080,50,17.7,4.79,100
1021,12,33.1,75,2080,50,15.98,4.79,100
1021,13,33.1,73,1340,50,17.7,4.2,100
1021,14,33.1,75,600,50,15.98,4.79,100
1657,1,33.1,71,249,0,17.7,4.2,94
1657,2,33.1,76,432,1,15,4.2,94
1657,3,33.1,75,615,3,15,4.2,94
1657,4,33.1,80,798,4,15,4.2,94
1657,5,33.1,79,981,5,15,4.2,94
1657,6,33.1,75,1164,6,15,4.2,94
1657,7,33.1,74,1348,47,15,4.2,94
1657,8,33.1,70,1531,49,15,4.2,94
1657,9,33.1,73,1714,50,11,4.2,94
1657,10,33.1,75,1897,50,15,4.2,94
1657,11,33.1,77,2080,50,15,4.2,94
1657,12,33.1,73,2080,50,15,4.2,94
1657,13,33.1,74,1340,50,16.3,4.2,94
1657,14,33.1,80,600,47,15,4.2,94
1650,1,33.1,73,249,0,17.7,3.5,66
1650,2,33.1,73,417,2,16.46,3.5,66
1650,3,33.1,76,586,4,16.46,4.9,66
1650,4,33.1,70,754,4,17.2,3.5,66
1650,5,33.1,71,923,4,11,3.5,66
1650,6,33.1,71,1091,9,16.46,3.5,66
1650,7,33.1,70,1259,12,16.46,3.5,66
1650,8,33.1,71,1428,16,16.46,3.5,66
1650,9,33.1,78,1596,19,16.46,2.75,66
1650,10,33.1,77,1765,20,16.46,3.5,66
1650,11,33.1,75,1933,25,18.7,2.85,66
1650,12,33.1,73,1933,27,17.7,3.5,66
1650,13,33.1,75,1266,32,16.46,3.5,66
1650,14,33.1,80,600,33,16.46,3.5,66
1535,1,33.1,80,249,0,16.3,2.75,54
1535,2,33.1,74,449,4,16.3,3.68,54
1535,3,33.1,74,650,8,16.3,3.68,54
1535,4,33.1,75,850,8,16.3,3.68,54
1535,5,33.1,72,1050,12,16.3,4.9,54
1535,6,33.1,75,1250,13,16.3,2.85,54
1535,7,33.1,73,1450,47,16.3,3.68,54
1535,8,33.1,73,1651,49,16.3,4.2,54
1535,9,33.1,75,1851,49,16.3,3.68,54
1535,10,33.1,75,1851,49,16.3,3.68,54
1535,11,33.1,70,1538,19,16.3,3.68,54
1535,12,33.1,75,1226,20,16.3,3.68,54
1535,13,33.1,73,913,24,16.3,3.68,54
1535,14,33.1,79,600,27,16.3,3.68,54
1572,1,33.1,78,249,0,18.7,4.18,36
1572,2,33.1,78,334,5,16.11,4.18,36
1572,3,33.1,74,420,6,16.11,4.18,36
1572,4,33.1,75,505,8,16.11,4.18,36
1572,5,33.1,73,591,8,18.7,4.18,36
1572,6,33.1,71,676,12,11,2.75,36
1572,7,33.1,76,762,3,16.11,4.18,36
1572,8,33.1,74,847,7,16.11,4.18,36
1572,9,33.1,71,933,9,16.11,4.18,36
1572,10,33.1,75,1018,3,16.11,4.18,36
1572,11,33.1,72,1104,8,16.11,4.18,36
1572,12,33.1,70,1189,13,11,4.18,36
1572,13,33.1,74,1275,16,11,4.9,36
1572,14,33.1,73,1360,18,16.3,4.18,36
1537,1,33.1,78,249,0,16.24,4.25,100
1537,2,33.1,79,329,4,11,2.85,100
1537,3,33.1,73,408,8,16.24,4.5,100
1537,4,33.1,71,488,13,17.7,4.25,100
1537,5,33.1,71,567,3,16.24,5.15,100
1537,6,33.1,76,647,4,16.24,4.25,100
1537,7,33.1,78,727,6,16.3,4.9,100
1537,8,33.1,74,806,7,16.24,4.25,100
1537,9,33.1,71,886,11,16.24,4.25,100
1537,10,33.1,70,965,14,18.7,4.25,100
1537,11,33.1,72,1045,16,18.7,4.25,100
1537,12,33.1,79,1125,16,16.24,2.75,100
1537,13,33.1,72,1204,47,16.24,4.2,100
1537,14,33.1,71,1284,49,18.7,4.25,100
1300,1,33.1,72,249,0,11,4.7,62
1300,2,33.1,74,402,3,11,4.7,62
1300,3,33.1,79,555,7,11,4.7,62
1300,4,33.1,79,708,9,11,4.7,62
1300,5,33.1,75,861,9,11,4.7,62
1300,6,33.1,72,1014,11,11,4.7,62
1300,7,33.1,72,1168,15,11,4.7,62
1300,8,36,76,1321,16,11,4.5,62
1300,9,36,71,1474,19,11,4.7,62
1300,10,36,72,1627,22,11,4.7,62
1300,11,36,74,1780,23,11,4.7,62
1300,12,36,71,1933,27,11,4.7,62
1300,13,36,76,1933,28,11,4.9,62
1300,14,36,78,600,31,11,4.7,62
1414,1,36,72,249,0,18.37,3.7,28
1414,2,36,79,417,3,18.37,4.2,28
1414,3,36,74,586,6,18.37,2.85,28
1414,4,36,74,754,10,18.37,2.75,28
1414,5,36,73,923,11,18.37,5.15,28
1414,6,36,73,1091,47,18.7,3.7,28
1414,7,36,72,1259,49,18.37,3.7,28
1414,8,36,72,1428,50,18.37,3.7,28
1414,9,36,77,1596,50,18.37,2.75,28
1414,10,36,78,1765,3,18.7,3.7,28
1414,11,36,79,1933,6,18.37,4.5,28
1414,12,36,75,1933,11,18.37,3.7,28
1414,13,36,74,1266,12,17.7,3.7,28
1414,14,36,77,600,14,18.37,3.7,28
1761,1,36,80,249,0,12.24,3.75,100
1761,2,36,75,432,3,11,3.75,100
1761,3,36,72,615,5,11,2.85,100
1761,4,36,78,798,5,11,3.75,100
1761,5,36,76,981,47,12.24,3.75,100
1761,6,36,75,1164,48,12.24,3.75,100
1761,7,36,78,1348,49,17.2,3.75,100
1761,8,36,76,1531,50,12.24,3.75,100
1761,9,36,72,1714,50,12.24,3.75,100
1761,10,36,71,1897,50,12.24,3.75,100
1761,11,36,78,2080,47,12.24,3.75,100
1761,12,36,72,2080,49,11,3.75,100
1761,13,36,70,1340,49,12.24,4.2,100
1761,14,36,72,600,50,12.24,4.2,100
1009,1,36,74,249,0,16.1,5.15,14
1009,2,36,72,308,47,16.1,4.45,14
1009,3,36,72,368,48,16.1,4.45,14
1009,4,36,73,427,49,16.1,4.45,14
1009,5,36,74,487,49,17.2,4.45,14
1009,6,36,79,546,49,16.3,4.45,14
1009,7,36,72,606,50,16.1,4.45,14
1009,8,36,78,665,50,16.1,4.2,14
1009,9,36,75,724,50,16.1,5.15,14
1009,10,36,72,784,50,11,4.45,14
1009,11,36,72,843,50,16.1,2.75,14
1009,12,36,77,903,50,16.1,4.45,14
1009,13,36,76,962,47,11,4.5,14
1009,14,36,72,1022,48,16.1,4.45,14
1567,1,36,78,249,0,15.8,4.56,12
1567,2,36,72,415,3,15.8,5.15,12
1567,3,36,75,582,8,15.8,4.56,12
1567,4,36,74,748,8,15.8,4.9,12
1567,5,36,79,915,9,11,4.56,12
1567,6,36,75,1081,10,17.2,4.56,12
1567,7,36,71,1248,13,18.7,4.56,12
1567,8,36,77,1414,18,15.8,2.75,12
1567,9,36,79,1581,22,15.8,4.9,12
1567,10,36,74,1747,25,15.8,4.56,12
1567,11,36,78,1914,29,16.3,4.5,12
1567,12,36,71,2080,33,15.8,4.56,12
1567,13,36,76,2080,3,15.8,4.56,12
1567,14,36,80,600,6,15.8,5.15,12
1867,1,36,79,249,0,16.13,4.62,6
1867,2,36,80,402,3,16.13,4.62,6
1867,3,36,74,555,4,18.7,4.62,6
1867,4,36,74,708,7,16.13,4.62,6
1867,5,36,71,861,9,18.7,4.62,6
1867,6,36,70,1014,12,11,4.62,6
1867,7,36,70,1168,47,16.13,4.5,6
1867,8,36,78,1321,47,16.13,4.2,6
1867,9,36,74,1474,49,16.13,4.62,6
1867,10,36,79,1627,49,16.13,5.15,6
1867,11,36,74,1780,50,16.13,4.62,6
1867,12,36,70,1933,50,16.13,4.62,6
1867,13,36,75,1933,50,16.13,4.62,6
1867,14,36,75,600,3,16.13,4.62,6
1022,1,36,80,249,0,15.39,4.84,76
1022,2,36,79,332,2,15.39,4.84,76
1022,3,36,70,414,4,15.39,4.84,76
1022,4,36,78,497,7,15.39,4.84,76
1022,5,36,75,580,8,15.39,4.84,76
1022,6,36,74,662,8,17.2,4.2,76
1022,7,36,80,745,10,15.39,4.84,76
1022,8,36,74,828,12,15.39,4.84,76
1022,9,36,70,911,16,15.39,4.84,76
1022,10,36,78,993,21,11,4.84,76
1022,11,36,78,1076,26,17.2,4.84,76
1022,12,36,74,1159,29,17.7,4.84,76
1022,13,36,73,1241,33,15.39,4.2,76
1022,14,36,75,1324,38,15.39,4.2,76
1966,1,36,70,249,0,11,4,38
1966,2,36,73,432,5,14,4,38
1966,3,36,80,615,3,14,4,38
1966,4,36,80,798,6,17.7,2.85,38
1966,5,36,74,981,10,14,4,38
1966,6,36,77,1164,3,11,4,38
1966,7,36,75,1348,6,14,4,38
1966,8,36,73,1531,7,14,4,38
1966,9,36,79,1714,8,14,4,38
1966,10,36,75,1897,8,14,4,38
1966,11,36,74,2080,19,14,4,38
1966,12,36,76,2080,20,14,4,38
1966,13,36,73,1340,21,16.3,5.15,38
1966,14,37.3,70,600,19,14,4,38
1898,1,37.3,74,249,0,11,2.75,64
1898,2,37.3,78,348,47,15.32,3.65,64
1898,3,37.3,74,447,48,17.2,3.65,64
1898,4,37.3,78,546,50,16.3,3.65,64
1898,5,37.3,72,645,50,15.32,4.9,64
1898,6,37.3,72,744,50,15.32,3.65,64
1898,7,37.3,74,843,50,16.3,3.65,64
1898,8,37.3,72,942,50,15.32,4.9,64
1898,9,37.3,71,1041,50,15.32,3.65,64
1898,10,37.3,72,1141,3,15.32,2.75,64
1898,11,37.3,70,1240,19,15.32,2.85,64
1898,12,37.3,74,1339,24,11,2.75,64
1898,13,37.3,72,1438,27,15.32,4.9,64
1898,14,37.3,75,1537,27,15.32,3.65,64
1110,1,37.3,73,249,0,16.13,4.9,100
1110,2,37.3,77,478,5,16.13,3.89,100
1110,3,37.3,80,707,6,16.13,3.89,100
1110,4,37.3,73,936,7,11,3.89,100
1110,5,37.3,72,1164,10,16.13,5.15,100
1110,6,37.3,73,1393,11,16.13,3.89,100
1110,7,37.3,78,1622,15,16.13,3.89,100
1110,8,37.3,74,1851,19,16.13,3.89,100
1110,9,37.3,74,2080,19,16.13,3.89,100
1110,10,37.3,76,2080,21,18.7,3.89,100
1110,11,37.3,76,1710,47,18.7,3.89,100
1110,12,37.3,74,1340,50,16.13,2.75,100
1110,13,37.3,76,970,50,16.13,3.89,100
1110,14,37.3,71,600,50,16.13,2.75,100
1555,1,37.3,72,249,0,17.2,2.85,94
1555,2,37.3,76,417,1,14.83,3.7,94
1555,3,37.3,80,586,19,14.83,4.2,94
1555,4,37.3,79,754,20,14.83,3.7,94
1555,5,37.3,75,923,23,14.83,3.7,94
1555,6,37.3,72,1091,27,11,3.7,94
1555,7,37.3,78,1259,28,14.83,4.9,94
1555,8,37.3,74,1428,29,14.83,2.85,94
1555,9,37.3,72,1596,31,16.3,3.7,94
1555,10,37.3,73,1765,47,14.83,3.7,94
1555,11,37.3,78,1933,49,14.83,3.7,94
1555,12,37.3,72,1933,50,14.83,3.7,94
1555,13,37.3,74,1266,47,14.83,3.7,94
1555,14,37.3,74,600,47,14.83,3.7,94
1593,1,37.3,70,249,0,14.58,4.9,96
1593,2,37.3,76,334,3,11,4.2,96
1593,3,37.3,76,420,8,14.58,4.11,96
1593,4,37.3,70,505,12,14.58,4.11,96
1593,5,37.3,75,591,47,14.58,2.75,96
1593,6,37.3,74,676,48,14.58,4.11,96
1593,7,37.3,74,762,3,14.58,4.11,96
1593,8,37.3,80,847,7,14.58,4.2,96
1593,9,37.3,75,933,9,14.58,4.11,96
1593,10,37.3,78,1018,13,14.58,2.75,96
1593,11,37.3,72,1104,15,11,4.11,96
1593,12,37.3,77,1189,18,14.58,4.11,96
1593,13,37.3,79,1275,47,14.58,4.11,96
1593,14,37.3,79,1360,48,16.3,4.11,96
1186,1,37.3,79,249,0,16.3,5.15,44
1186,2,37.3,73,478,3,11,4.83,44
1186,3,37.3,74,707,3,16.28,4.83,44
1186,4,37.3,73,936,5,16.28,4.83,44
1186,5,37.3,73,1164,47,16.28,4.2,44
1186,6,37.3,72,1393,48,16.28,4.83,44
1186,7,37.3,79,1622,48,17.7,4.83,44
1186,8,37.3,74,1851,49,16.28,4.83,44
1186,9,37.3,73,2080,49,18.7,4.83,44
1186,10,37.3,71,2080,49,16.28,4.83,44
1186,11,37.3,75,1710,50,16.28,5.15,44
1186,12,37.3,71,1340,19,16.28,4.83,44
1186,13,37.3,77,970,20,17.7,4.83,44
1186,14,37.3,73,600,22,16.28,4.83,44
1960,1,37.3,77,1364,41,14.01,3.59,100
1960,2,37.3,74,1443,43,14.01,3.59,100
1960,3,37.3,80,1523,46,17.7,3.59,100
1960,4,37.3,74,1602,50,14.01,4.9,100
1960,5,37.3,72,1682,50,14.01,2.85,100
1960,6,37.3,79,1762,50,14.01,3.59,100
1960,7,37.3,71,1841,50,14.01,3.59,100
1960,8,37.3,77,1921,50,14.01,2.85,100
1960,9,37.3,74,2000,50,14.01,4.2,100
1960,10,37.3,79,2080,50,14.01,2.75,100
1960,11,37.3,70,2080,50,14.01,3.59,100
1960,12,37.3,74,1587,50,11,3.59,100
1960,13,37.3,73,1093,50,11,3.59,100
1960,14,37.3,72,600,50,11,3.59,100
1886,1,37.3,73,1372,27,16.14,4.06,98
1886,2,37.3,77,1452,28,16.14,4.06,98
1886,3,39,78,1532,32,16.14,4.06,98
1886,4,39,74,1612,33,18.7,4.06,98
1886,5,39,80,1692,36,16.14,4.06,98
1886,6,39,75,1773,38,16.14,4.06,98
1886,7,39,77,1853,39,16.14,4.9,98
1886,8,39,73,1933,42,16.14,4.06,98
1886,9,39,74,1933,43,16.14,4.06,98
1886,10,39,74,1666,46,16.14,4.06,98
1886,11,39,76,1400,47,18.7,4.06,98
1886,12,39,73,1133,48,16.14,4.06,98
1886,13,39,73,867,48,16.14,5.15,98
1886,14,39,75,600,49,11,4.06,98
1932,1,39,73,249,0,16.3,4.35,6
1932,2,39,74,415,2,13.65,4.35,6
1932,3,39,74,582,3,13.65,4.35,6
1932,4,39,79,748,6,13.65,4.35,6
1932,5,39,80,915,8,11,5.15,6
1932,6,39,80,1081,11,13.65,4.35,6
1932,7,39,79,1248,14,13.65,4.35,6
1932,8,39,80,1414,18,13.65,4.35,6
1932,9,39,79,1581,22,13.65,4.35,6
1932,10,39,76,1747,47,13.65,4.35,6
1932,11,39,70,1914,48,13.65,4.5,6
1932,12,39,70,2080,48,13.65,4.9,6
1932,13,39,73,2080,49,13.65,2.85,6
1932,14,39,74,600,3,13.65,4.35,6
1000,1,39,74,249,0,15.23,4.9,98
1000,2,39,75,301,3,15.23,4.36,98
1000,3,39,72,354,5,15.23,4.36,98
1000,4,39,72,406,5,15.23,2.85,98
1000,5,39,72,458,7,16.3,4.2,98
1000,6,39,71,511,9,16.3,4.36,98
1000,7,39,72,563,47,15.23,5.15,98
1000,8,39,77,615,48,15.23,4.2,98
1000,9,39,72,668,19,17.2,4.9,98
1000,10,39,73,720,22,15.23,4.36,98
1000,11,39,72,772,26,15.23,4.9,98
1000,12,39,72,824,29,15.23,4.36,98
1000,13,39,73,877,47,11,4.36,98
1000,14,39,70,929,49,11,4.36,98
1189,1,39,78,249,0,16.7,2.85,42
1189,2,39,72,417,1,16.3,2.85,42
1189,3,39,72,586,3,16.7,4.1,42
1189,4,39,75,754,4,16.7,4.5,42
1189,5,39,72,923,7,16.7,4.1,42
1189,6,39,79,1091,3,16.7,4.1,42
1189,7,39,73,1259,5,18.7,5.15,42
1189,8,39,74,1428,8,18.7,4.1,42
1189,9,39,75,1596,12,11,4.1,42
1189,10,39,76,1765,16,16.3,4.1,42
1189,11,39,79,1933,18,18.7,4.1,42
1189,12,39,79,1933,18,16.7,4.1,42
1189,13,39,72,1266,20,17.2,5.15,42
1189,14,39,75,600,21,16.7,4.1,42
1744,1,39,74,249,0,17.1,3.66,6
1744,2,39,72,432,0,17.1,4.9,6
1744,3,39,75,615,3,17.1,3.66,6
1744,4,39,75,798,8,16.3,3.66,6
1744,5,39,73,981,8,17.1,2.85,6
1744,6,39,77,1164,9,18.7,2.75,6
1744,7,39,76,1348,14,16.3,4.5,6
1744,8,39,73,1531,3,17.1,2.75,6
1744,9,39,72,1714,6,17.1,3.66,6
1744,10,39,77,1897,8,17.1,3.66,6
1744,11,39,77,2080,47,17.1,3.66,6
1744,12,39,74,2080,49,17.1,4.2,6
1744,13,39,72,1340,50,17.1,3.66,6
1744,14,39,75,600,3,17.1,3.66,6
1889,1,39,71,249,0,17.23,5.15,94
1889,2,39,77,415,5,17.23,3.58,94
1889,3,39,80,582,9,17.23,3.58,94
1889,4,39,79,748,13,16.3,3.58,94
1889,5,39,74,915,13,17.7,3.58,94
1889,6,39,74,1081,18,17.23,3.58,94
1889,7,39,72,1248,19,17.7,3.58,94
1889,8,39,78,1414,19,17.23,3.58,94
1889,9,39,80,1581,3,17.23,3.58,94
1889,10,39,71,1747,3,17.23,3.58,94
1889,11,39,72,1914,8,17.23,2.85,94
1889,12,39,76,2080,8,17.23,2.75,94
1889,13,39,76,2080,8,17.23,3.58,94
1889,14,39,72,600,47,17.23,3.58,94
1312,1,39,79,249,0,18.7,4.9,60
1312,2,39,78,478,2,12.54,4.2,60
1312,3,39,76,707,19,12.54,3.95,60
1312,4,39,73,936,19,11,2.85,60
1312,5,39,75,1164,20,11,4.5,60
1312,6,39,73,1393,22,12.54,2.75,60
1312,7,39,79,1622,24,12.54,4.5,60
1312,8,39,80,1851,47,12.54,3.95,60
1312,9,39,72,2080,49,12.54,3.95,60
1312,10,39,74,2080,50,12.54,3.95,60
1312,11,39,80,1710,19,12.54,3.95,60
1312,12,39,72,1340,22,11,3.95,60
1312,13,39,74,970,26,11,3.95,60
1312,14,39,77,600,30,12.54,3.95,60
1328,1,39,70,249,0,14.98,4.09,16
1328,2,39,75,432,2,14.98,4.09,16
1328,3,39,72,615,5,14.98,4.9,16
1328,4,39,77,798,3,14.98,4.09,16
1328,5,39,80,981,4,11,2.75,16
1328,6,39,70,1164,9,14.98,4.09,16
1328,7,39,73,1348,9,16.3,4.09,16
1328,8,39,75,1531,11,16.3,4.09,16
1328,9,39,75,1714,14,14.98,4.5,16
1328,10,39,74,1897,16,14.98,4.09,16
1328,11,39,73,2080,19,14.98,4.2,16
1328,12,39,74,2080,3,16.3,4.09,16
1328,13,39,75,1340,7,14.98,4.09,16
1328,14,39,72,600,8,14.98,4.09,16
1195,1,39,79,249,0,15,4.34,22
1195,2,39,77,402,4,15,4.5,22
1195,3,39,73,555,6,15,4.9,22
1195,4,39,70,708,11,17.7,4.34,22
1195,5,39,79,861,12,16.3,4.34,22
1195,6,39,79,1014,13,15,4.34,22
1195,7,39,74,1168,16,15,4.5,22
1195,8,39,74,1321,20,15,4.5,22
1195,9,39,78,1474,22,15,4.34,22
1195,10,39,72,1627,22,15,4.34,22
1195,11,39,74,1780,27,15,4.34,22
1195,12,39,73,1933,3,15,4.9,22
1195,13,39,74,1933,7,11,2.75,22
1195,14,39,73,600,11,15,4.34,22
1044,1,39,75,249,0,14,4.16,16
1044,2,39.2,73,478,19,11,4.16,16
1044,3,39.2,72,707,22,14,4.16,16
1044,4,39.2,73,936,27,14,4.16,16
1044,5,39.2,74,1164,31,14,4.16,16
1044,6,39.2,78,1393,35,14,4.5,16
1044,7,39.2,73,1622,39,14,4.16,16
1044,8,39.2,72,1851,41,14,4.16,16
1044,9,39.2,79,2080,45,14,2.75,16
1044,10,39.2,80,2080,48,11,4.16,16
1044,11,39.2,70,1710,48,14,4.16,16
1044,12,39.2,72,1340,3,17.7,4.5,16
1044,13,39.2,74,970,6,16.3,4.9,16
1044,14,39.2,73,600,8,14,4.16,16
1517,1,39.2,77,249,0,11,4.24,74
1517,2,39.2,76,428,3,13.65,4.2,74
1517,3,39.2,77,606,4,13.65,4.24,74
1517,4,39.2,78,785,47,13.65,4.24,74
1517,5,39.2,73,964,47,16.3,4.24,74
1517,6,39.2,72,1143,47,13.65,4.24,74
1517,7,39.2,77,1321,50,13.65,4.24,74
1517,8,39.2,75,1500,19,13.65,4.5,74
1517,9,39.2,72,1679,21,13.65,5.15,74
1517,10,39.2,75,1858,22,13.65,4.24,74
1517,11,39.2,70,2036,26,13.65,4.24,74
1517,12,39.2,71,2215,29,13.65,4.24,74
1517,13,39.2,79,2215,32,13.65,2.85,74
1517,14,39.2,72,600,37,13.65,4.5,74
1537,1,39.2,75,1364,49,17.2,4.25,100
1537,2,39.2,76,1443,49,16.24,4.25,100
1537,3,39.2,79,1523,50,11,4.5,100
1537,4,39.2,71,1602,50,16.24,4.25,100
1537,5,39.2,71,1682,50,17.2,4.5,100
1537,6,39.2,72,1762,50,11,4.25,100
1537,7,39.2,71,1841,50,16.24,4.9,100
1537,8,39.2,73,1921,47,18.7,4.25,100
1537,9,39.2,73,2000,49,16.24,2.75,100
1537,10,39.2,76,2080,50,16.24,4.25,100
1537,11,39.2,72,2080,50,16.24,4.25,100
1537,12,39.2,73,1587,50,16.24,5.15,100
1537,13,39.2,71,1093,50,16.24,4.25,100
1537,14,39.2,75,600,50,18.7,4.9,100
1875,1,39.2,72,249,0,14.08,3.84,10
1875,2,39.2,76,446,3,14.08,2.85,10
1875,3,39.2,77,642,4,14.08,3.84,10
1875,4,39.2,75,839,6,11,3.84,10
1875,5,39.2,74,1035,7,11,4.9,10
1875,6,39.2,74,1232,12,18.7,4.5,10
1875,7,39.2,75,1429,12,14.08,3.84,10
1875,8,39.2,75,1625,16,14.08,2.75,10
1875,9,39.2,76,1822,17,14.08,3.84,10
1875,10,39.2,73,2018,21,14.08,4.2,10
1875,11,39.2,78,2215,25,14.08,3.84,10
1875,12,39.2,78,2215,29,18.7,3.84,10
1875,13,39.2,75,1408,3,11,3.84,10
1875,14,39.2,74,600,5,14.08,3.84,10
1466,1,39.2,80,249,0,16.3,4.72,46
1466,2,39.2,72,340,3,14.79,5.15,46
1466,3,39.2,78,430,3,11,4.72,46
1466,4,39.2,78,521,6,17.7,4.72,46
1466,5,39.2,74,611,3,18.7,4.5,46
1466,6,39.2,72,702,5,11,4.72,46
1466,7,39.2,72,792,7,14.79,4.72,46
1466,8,39.2,74,883,9,11,4.72,46
1466,9,39.2,77,974,13,14.79,4.72,46
1466,10,39.2,75,1064,16,14.79,4.72,46
1466,11,39.2,75,1155,16,14.79,4.72,46
1466,12,39.2,75,1245,17,14.79,4.72,46
1466,13,39.2,75,1336,21,14.79,5.15,46
1466,14,39.2,74,1426,23,11,4.72,46
1154,1,39.2,73,249,0,14.1,3.97,58
1154,2,39.2,76,478,1,14.1,3.97,58
1154,3,39.2,75,707,1,14.1,2.85,58
1154,4,39.2,70,936,3,17.2,3.97,58
1154,5,39.2,78,1164,3,14.1,4.9,58
1154,6,39.2,75,1393,8,14.1,3.97,58
1154,7,39.2,77,1622,10,14.1,4.5,58
1154,8,39.2,79,1851,14,14.1,3.97,58
1154,9,39.2,78,2080,15,14.1,2.75,58
1154,10,39.2,73,2080,20,14.1,2.85,58
1154,11,39.2,74,1710,23,14.1,4.5,58
1154,12,39.2,79,1340,23,14.1,3.97,58
1154,13,39.2,76,970,28,14.1,4.9,58
1154,14,39.2,75,600,29,11,4.5,58
1143,1,39.2,79,249,0,15.89,4.84,10
1143,2,39.2,72,343,3,15.89,4.84,10
1143,3,39.2,70,436,4,15.89,4.84,10
1143,4,39.2,73,530,6,15.89,5.15,10
1143,5,39.2,76,623,6,15.89,4.84,10
1143,6,39.2,70,717,9,15.89,4.5,10
1143,7,39.2,74,811,11,15.89,4.84,10
1143,8,39.2,78,904,47,17.2,4.84,10
1143,9,39.2,73,998,49,15.89,4.84,10
1143,10,39.2,80,1092,50,15.89,4.84,10
1143,11,39.2,80,1185,50,15.89,4.84,10
1143,12,39.2,75,1279,50,15.89,4.84,10
1143,13,40,75,1372,3,16.3,4.84,10
1143,14,40,70,1466,5,15.89,4.84,10
1667,1,40,73,249,0,15.33,3.82,6
1667,2,40,80,432,3,18.7,3.82,6
1667,3,40,77,615,7,15.33,3.82,6
1667,4,40,72,798,9,15.33,3.82,6
1667,5,40,73,981,9,15.33,3.82,6
1667,6,40,74,1164,14,15.33,3.82,6
1667,7,40,74,1348,15,15.33,3.82,6
1667,8,40,74,1531,18,11,3.82,6
1667,9,40,75,1714,22,15.33,3.82,6
1667,10,40,71,1897,24,16.3,3.82,6
1667,11,40,74,2080,29,15.33,3.82,6
1667,12,40,72,2080,30,15.33,4.5,6
1667,13,40,74,1340,30,15.33,2.75,6
1667,14,40,79,600,3,15.33,4.2,6
1452,1,40,71,249,0,17.9,3.43,60
1452,2,40,71,402,1,18.7,3.43,60
1452,3,40,75,555,4,17.9,5.15,60
1452,4,40,72,708,7,17.9,2.85,60
1452,5,40,72,861,10,17.9,2.85,60
1452,6,40,71,1014,11,17.9,3.43,60
1452,7,40,72,1168,13,17.9,3.43,60
1452,8,40,74,1321,15,18.7,3.43,60
1452,9,40,74,1474,16,17.9,2.75,60
1452,10,40,75,1627,21,17.9,3.43,60
1452,11,40,73,1780,21,17.9,2.75,60
1452,12,40,80,1933,25,16.3,3.43,60
1452,13,40,75,1933,26,17.9,4.2,60
1452,14,40,74,600,30,17.9,3.43,60
1313,1,40,72,249,0,18.7,4.1,10
1313,2,40,74,329,47,15.07,4.1,10
1313,3,40,72,408,49,11,4.1,10
1313,4,40,75,488,50,15.07,4.1,10
1313,5,40,71,567,50,15.07,5.15,10
1313,6,40,73,647,50,15.07,4.2,10
1313,7,40,73,727,50,15.07,4.1,10
1313,8,40,77,806,50,15.07,2.85,10
1313,9,40,78,886,50,15.07,4.1,10
1313,10,40,74,965,50,15.07,4.1,10
1313,11,40,77,1045,50,11,4.2,10
1313,12,40,73,1125,50,11,4.1,10
1313,13,40,72,1204,50,15.07,4.1,10
1313,14,40,79,1284,50,17.7,4.1,10
1129,1,40,74,249,0,17.7,3.2,84
1129,2,40,78,402,3,17.7,2.75,84
1129,3,40,77,555,19,14.43,2.85,84
1129,4,40,75,708,20,14.43,2.75,84
1129,5,40,80,861,24,14.43,3.2,84
1129,6,40,74,1014,25,11,3.2,84
1129,7,40,75,1168,27,14.43,4.9,84
1129,8,40,70,1321,29,16.3,3.2,84
1129,9,40,75,1474,32,14.43,3.2,84
1129,10,40,74,1627,34,14.43,3.2,84
1129,11,40,71,1780,37,11,3.2,84
1129,12,40,74,1933,38,11,3.2,84
1129,13,40,74,1933,41,16.3,3.2,84
1129,14,40,74,600,42,14.43,2.75,84
1459,1,40,74,249,0,14.83,2.85,50
1459,2,40,75,417,3,14.83,4.2,50
1459,3,40,72,586,4,14.83,4.5,50
1459,4,40,79,754,6,14.83,4.11,50
1459,5,40,70,923,9,14.83,4.11,50
1459,6,40,80,1091,10,11,4.11,50
1459,7,40,73,1259,14,17.2,4.11,50
1459,8,40,73,1428,15,16.3,4.11,50
1459,9,40,73,1596,19,14.83,4.11,50
1459,10,40,76,1765,19,14.83,4.9,50
1459,11,40,79,1933,21,14.83,4.11,50
1459,12,40,73,1933,19,14.83,4.11,50
1459,13,40,73,1266,21,14.83,4.11,50
1459,14,40,80,600,25,14.83,4.11,50
1695,1,40,72,249,0,14.55,3.94,20
1695,2,40,70,322,3,14.55,2.85,20
1695,3,40,72,395,6,17.2,3.94,20
1695,4,40,74,469,7,14.55,3.94,20
1695,5,40,78,542,12,11,3.94,20
1695,6,40,80,615,16,14.55,2.85,20
1695,7,40,72,688,20,17.7,3.94,20
1695,8,40,75,762,23,14.55,4.5,20
1695,9,40,79,835,27,14.55,4.2,20
1695,10,40,74,908,19,14.55,3.94,20
1695,11,40,74,981,23,14.55,4.5,20
1695,12,40,80,1054,19,11,5.15,20
1695,13,40,79,1128,22,14.55,4.2,20
1695,14,40,79,1201,26,14.55,3.94,20
1004,1,40,75,249,0,16.45,3.61,98
1004,2,40,74,432,3,16.45,3.61,98
1004,3,40,75,615,6,17.7,4.2,98
1004,4,40,72,798,10,16.45,2.75,98
1004,5,40,72,981,11,16.45,3.61,98
1004,6,40,74,1164,47,18.7,3.61,98
1004,7,40,72,1348,48,16.3,3.61,98
1004,8,40,74,1531,49,16.45,2.85,98
1004,9,40,73,1714,3,16.3,3.61,98
1004,10,40,77,1897,4,16.45,2.85,98
1004,11,40,75,2080,6,18.7,4.9,98
1004,12,40,78,2080,7,16.45,4.9,98
1004,13,40,72,1340,47,16.45,2.85,98
1004,14,40,75,600,49,11,3.61,98
1431,1,36.7,73,249,0,11,3.81,28
1431,2,36.7,74,332,47,16.3,3.81,28
1431,3,36.7,73,415,49,16.08,3.81,28
1431,4,36.7,74,497,50,18.7,4.2,28
1431,5,36.7,72,580,50,16.08,3.81,28
1431,6,36.7,73,663,50,16.08,3.81,28
1431,7,36.7,73,746,47,16.08,4.5,28
1431,8,36.7,72,829,50,16.08,3.81,28
1431,9,36.7,74,911,50,16.08,3.81,28
1431,10,36.7,72,994,50,17.7,2.85,28
1431,11,36.7,72,1077,50,16.08,3.81,28
1431,12,36.7,75,1160,50,16.08,3.81,28
1431,13,36.7,75,1243,19,11,2.75,28
1431,14,36.7,73,1326,24,16.08,3.81,28
1544,1,36.7,74,249,0,13.65,4.2,78
1544,2,36.7,73,409,3,11,4.16,78
1544,3,36.7,74,569,3,13.65,4.16,78
1544,4,36.7,72,730,7,16.3,4.16,78
1544,5,36.7,72,890,8,13.65,4.16,78
1544,6,36.7,73,1050,12,13.65,4.16,78
1544,7,36.7,74,1210,12,13.65,4.16,78
1544,8,36.7,72,1370,19,13.65,2.75,78
1544,9,36.7,74,1531,22,13.65,5.15,78
1544,10,36.7,73,1691,26,13.65,4.2,78
1544,11,36.7,72,1851,30,13.65,4.5,78
1544,12,36.7,72,1851,34,13.65,4.16,78
1544,13,36.7,74,1226,38,13.65,4.16,78
1544,14,36.7,73,600,39,13.65,4.16,78
1065,1,36.7,73,249,0,11,4.05,24
1065,2,36.7,72,417,4,17.7,4.05,24
1065,3,36.7,72,586,7,11,4.05,24
1065,4,36.7,75,754,8,15.22,4.05,24
1065,5,36.7,73,923,47,15.22,4.05,24
1065,6,36.7,72,1091,48,15.22,4.05,24
1065,7,36.7,73,1259,48,15.22,4.9,24
1065,8,36.7,74,1428,50,17.7,4.05,24
1065,9,36.7,74,1596,3,15.22,4.5,24
1065,10,36.7,74,1765,4,15.22,4.05,24
1065,11,36.7,72,1933,7,15.22,2.75,24
1065,12,36.7,75,1933,11,18.7,4.05,24
1065,13,36.7,74,1266,11,15.22,4.05,24
1065,14,36.7,74,600,12,15.22,4.05,24
1969,1,36.7,75,249,0,12.71,4.21,100
1969,2,36.7,72,336,4,11,2.75,100
1969,3,36.7,74,423,8,12.71,4.21,100
1969,4,36.7,73,511,19,12.71,4.21,100
1969,5,36.7,72,598,3,12.71,5.15,100
1969,6,36.7,74,685,6,12.71,4.21,100
1969,7,36.7,72,772,9,12.71,4.21,100
1969,8,36.7,74,859,12,12.71,4.21,100
1969,9,36.7,74,947,17,12.71,4.21,100
1969,10,36.7,74,1034,18,12.71,2.85,100
1969,11,36.7,75,1121,20,12.71,4.21,100
1969,12,36.7,72,1208,24,12.71,4.21,100
1969,13,36.7,74,1295,27,12.71,4.21,100
1969,14,36.7,75,1382,28,16.3,4.2,100
1266,1,36.7,74,249,0,11,4.02,44
1266,2,36.7,72,415,19,13.23,4.5,44
1266,3,36.7,72,582,22,13.23,4.02,44
1266,4,36.7,72,748,47,13.23,4.02,44
1266,5,36.7,74,915,3,13.23,4.9,44
1266,6,36.7,75,1081,6,13.23,2.85,44
1266,7,36.7,72,1248,6,13.23,4.2,44
1266,8,36.7,73,1414,8,13.23,4.02,44
1266,9,36.7,75,1581,12,17.7,4.02,44
1266,10,36.7,73,1747,13,13.23,4.9,44
1266,11,36.7,74,1914,17,13.23,4.02,44
1266,12,36.7,74,2080,20,11,4.02,44
1266,13,36.7,74,2080,21,13.23,4.02,44
1266,14,36.7,73,600,22,13.23,2.75,44
1349,1,36.7,75,249,0,14.84,4,6
1349,2,36.7,72,478,0,14.84,5.15,6
1349,3,36.7,72,707,1,14.84,4,6
1349,4,36.7,74,936,4,16.3,4,6
1349,5,36.7,75,1164,9,14.84,4,6
1349,6,36.7,74,1393,10,14.84,2.85,6
1349,7,36.7,75,1622,12,14.84,5.15,6
1349,8,36.7,72,1851,13,14.84,2.85,6
1349,9,36.7,72,2080,15,14.84,4,6
1349,10,36.7,74,2080,16,14.84,4,6
1349,11,36.7,74,1710,17,11,4,6
1349,12,36.7,74,1340,18,17.2,4,6
1349,13,36.7,72,970,18,11,4,6
1349,14,36.7,75,600,3,18.7,4,6
1728,1,36.7,75,249,0,16.3,4.5,94
1728,2,36.7,73,409,4,11,3.55,94
1728,3,36.7,74,569,8,11,3.55,94
1728,4,36.7,74,730,10,17.2,3.55,94
1728,5,36.7,75,890,19,18.7,2.75,94
1728,6,36.7,74,1050,24,14.2,3.55,94
1728,7,36.7,72,1210,25,14.2,3.55,94
1728,8,36.7,72,1370,29,14.2,3.55,94
1728,9,36.7,72,1531,33,14.2,3.55,94
1728,10,36.7,73,1691,35,14.2,3.55,94
1728,11,36.7,74,1851,3,11,2.75,94
1728,12,36.7,75,1851,4,14.2,2.85,94
1728,13,36.7,73,1226,47,14.2,4.9,94
1728,14,36.7,72,600,47,14.2,3.55,94
1096,1,36.7,75,249,0,12.77,4.14,58
1096,2,36.7,72,478,19,16.3,4.14,58
1096,3,36.7,72,707,22,12.77,4.14,58
1096,4,36.7,74,936,3,12.77,4.9,58
1096,5,36.7,74,1164,5,12.77,4.14,58
1096,6,36.7,75,1393,19,12.77,2.75,58
1096,7,36.7,75,1622,22,12.77,4.14,58
1096,8,36.7,74,1851,26,12.77,4.14,58
1096,9,36.7,73,2080,19,11,4.14,58
1096,10,36.7,75,2080,20,12.77,4.14,58
1096,11,36.7,72,1710,21,12.77,5.15,58
1096,12,36.7,74,1340,23,12.77,4.14,58
1096,13,36.7,72,970,26,11,5.15,58
1096,14,36.7,74,600,29,12.77,2.75,58
1757,1,36.7,74,249,0,17.2,4.33,94
1757,2,36.7,73,460,4,17.4,4.33,94
1757,3,36.7,75,670,6,16.3,4.33,94
1757,4,36.7,72,880,10,17.4,4.33,94
1757,5,36.7,72,1091,12,17.4,4.33,94
1757,6,36.7,73,1302,16,17.4,4.33,94
1757,7,36.7,72,1512,19,17.4,4.33,94
1757,8,36.7,72,1722,23,17.4,4.33,94
1757,9,36.7,75,1933,24,17.4,5.15,94
1757,10,36.7,72,1933,27,17.4,4.9,94
1757,11,36.7,73,1600,28,17.4,4.5,94
1757,12,36.7,72,1266,29,18.7,4.33,94
1757,13,36.7,74,933,3,17.4,4.33,94
1757,14,36.7,73,600,47,17.4,2.75,94
1055,1,36.7,72,249,0,15.15,4.06,12
1055,2,36.7,72,329,4,15.15,4.06,12
1055,3,36.7,72,409,8,17.2,4.06,12
1055,4,36.7,74,490,10,15.15,4.06,12
1055,5,36.7,75,570,19,15.15,4.5,12
1055,6,36.7,75,650,23,18.7,2.75,12
1055,7,36.7,75,730,23,15.15,4.06,12
1055,8,36.7,73,810,19,15.15,4.06,12
1055,9,36.7,72,891,47,11,4.06,12
1055,10,36.7,73,971,48,15.15,4.9,12
1055,11,36.7,74,1051,49,11,4.06,12
1055,12,36.7,73,1131,50,15.15,4.06,12
1055,13,36.7,72,1211,3,11,4.06,12
1055,14,36.7,74,1291,6,15.15,4.5,12
1925,1,36.7,73,249,0,15.7,4.2,100
1925,2,36.7,73,415,0,15.7,5.15,100
1925,3,36.7,74,582,1,11,4.23,100
1925,4,36.7,74,748,5,16.3,4.23,100
1925,5,36.7,73,915,7,16.3,4.2,100
1925,6,36.7,74,1081,12,15.7,4.5,100
1925,7,36.7,75,1248,3,15.7,4.23,100
1925,8,36.7,74,1414,5,17.7,4.23,100
1925,9,36.7,73,1581,47,15.7,4.5,100
1925,10,36.7,73,1747,47,15.7,4.23,100
1925,11,36.7,73,1914,47,15.7,4.23,100
1925,12,36.7,75,2080,48,15.7,4.23,100
1925,13,36.7,74,2080,48,15.7,2.85,100
1925,14,36.7,75,600,50,17.2,4.23,100
1366,1,36.7,74,249,0,14.24,2.85,94
1366,2,36.7,72,329,3,14.24,4.09,94
1366,3,36.7,72,408,6,14.24,4.09,94
1366,4,36.7,72,488,10,14.24,4.09,94
1366,5,36.7,74,567,14,14.24,4.2,94
1366,6,36.7,75,647,3,11,4.09,94
1366,7,36.7,72,727,7,16.3,4.09,94
1366,8,36.7,73,806,9,17.7,4.09,94
1366,9,36.7,74,886,9,14.24,4.09,94
1366,10,36.7,72,965,10,14.24,4.09,94
1366,11,36.7,73,1045,12,11,2.85,94
1366,12,36.7,75,1125,12,14.24,2.75,94
1366,13,36.7,72,1204,13,14.24,4.2,94
1366,14,36.7,72,1284,13,11,4.09,94
1782,1,36.7,72,249,0,16.3,4.13,4
1782,2,36.7,74,333,4,16.62,2.75,4
1782,3,36.7,74,417,47,16.62,2.85,4
1782,4,36.7,72,501,47,16.62,4.9,4
1782,5,36.7,74,585,48,16.62,4.13,4
1782,6,36.7,74,669,48,17.7,2.75,4
1782,7,36.7,72,754,49,16.62,4.5,4
1782,8,36.7,74,838,50,16.62,4.5,4
1782,9,36.7,74,922,47,16.62,4.2,4
1782,10,36.7,74,1006,48,16.62,4.13,4
1782,11,36.7,74,1090,49,16.62,4.9,4
1782,12,36.7,74,1174,50,18.7,2.85,4
1782,13,36.7,75,1258,50,16.62,4.13,4
1782,14,36.7,72,1342,50,11,4.13,4
1603,1,36.7,75,249,0,13.65,4.9,68
1603,2,36.7,74,409,2,13.65,4.9,68
1603,3,36.7,72,569,3,13.65,4.87,68
1603,4,36.7,74,730,7,13.65,5.15,68
1603,5,36.7,74,890,8,11,4.87,68
1603,6,36.7,75,1050,13,13.65,4.87,68
1603,7,36.7,72,1210,14,13.65,4.5,68
1603,8,36.7,74,1370,16,13.65,4.87,68
1603,9,36.7,74,1531,20,16.3,4.87,68
1603,10,36.7,72,1691,24,13.65,4.9,68
1603,11,36.7,72,1851,28,13.65,4.87,68
1603,12,36.7,74,1851,30,13.65,4.87,68
1603,13,36.7,74,1226,30,13.65,4.87,68
1603,14,36.7,73,600,34,13.65,4.87,68
1402,1,36.7,74,249,0,15.93,4.16,46
1402,2,36.7,74,402,3,15.93,4.16,46
1402,3,36.7,75,555,3,15.93,4.2,46
1402,4,36.7,75,708,47,15.93,4.16,46
1402,5,36.7,74,861,3,15.93,4.5,46
1402,6,36.7,75,1014,3,18.7,4.16,46
1402,7,36.7,72,1168,8,11,5.15,46
1402,8,36.7,73,1321,12,17.7,4.16,46
1402,9,36.7,74,1474,15,17.7,4.2,46
1402,10,36.7,73,1627,18,11,4.16,46
1402,11,36.7,72,1780,19,15.93,4.16,46
1402,12,36.7,72,1933,20,15.93,2.75,46
1402,13,36.7,72,1933,22,17.7,4.16,46
1402,14,36.7,74,600,23,17.7,4.16,46
1401,1,36.7,73,249,0,16.03,3.53,100
1401,2,36.7,72,446,3,16.3,3.53,100
1401,3,36.7,73,642,47,17.7,3.53,100
1401,4,36.7,72,839,3,16.03,2.85,100
1401,5,36.7,73,1035,4,16.03,3.53,100
1401,6,36.7,74,1232,8,16.03,3.53,100
1401,7,36.7,74,1429,13,17.7,3.53,100
1401,8,36.7,74,1625,17,17.2,4.2,100
1401,9,36.7,72,1822,20,16.03,3.53,100
1401,10,36.7,75,2018,3,16.3,3.53,100
1401,11,36.7,74,2215,47,16.03,3.53,100
1401,12,36.7,72,2215,49,16.03,3.53,100
1401,13,36.7,74,1408,49,11,3.53,100
1401,14,36.7,73,600,50,16.03,3.53,100
1707,1,36.7,72,249,0,17.2,4.86,100
1707,2,36.7,74,428,0,14.83,4.9,100
1707,3,36.7,74,606,1,14.83,4.86,100
1707,4,36.7,74,785,47,14.83,4.5,100
1707,5,36.7,72,964,3,14.83,4.86,100
1707,6,36.7,74,1143,47,14.83,4.86,100
1707,7,36.7,72,1321,48,14.83,4.86,100
1707,8,36.7,72,1500,49,11,4.86,100
1707,9,36.7,72,1679,50,16.3,4.9,100
1707,10,36.7,72,1858,50,14.83,4.86,100
1707,11,36.7,72,2036,50,14.83,4.86,100
1707,12,36.7,74,2215,50,14.83,4.86,100
1707,13,36.7,75,2215,50,14.83,5.15,100
1707,14,36.7,72,600,50,14.83,4.86,100
1492,1,36.7,74,249,0,16.48,4.03,100
1492,2,36.7,75,415,2,11,4.03,100
1492,3,36.7,74,582,6,16.3,2.75,100
1492,4,36.7,73,748,8,16.48,4.03,100
1492,5,36.7,74,915,8,16.48,4.03,100
1492,6,36.7,75,1081,12,16.48,4.03,100
1492,7,36.7,74,1248,16,18.7,4.03,100
1492,8,36.7,74,1414,21,17.7,4.03,100
1492,9,36.7,72,1581,24,16.48,5.15,100
1492,10,36.7,75,1747,47,16.48,4.03,100
1492,11,36.7,74,1914,49,18.7,4.03,100
1492,12,36.7,73,2080,49,16.48,4.2,100
1492,13,36.7,75,2080,49,16.48,4.03,100
1492,14,36.7,74,600,50,16.48,4.03,100
1969,1,36.7,73,1470,32,12.71,4.2,100
1969,2,36.7,72,1557,34,12.71,4.21,100
1969,3,36.7,72,1644,38,12.71,4.21,100
1969,4,36.7,72,1731,41,11,4.21,100
1969,5,36.7,73,1818,44,17.7,4.21,100
1969,6,36.7,72,1906,3,11,4.21,100
1969,7,36.7,74,1993,5,11,4.21,100
1969,8,36.7,73,2080,10,12.71,4.21,100
1969,9,36.7,72,2080,47,12.71,4.21,100
1969,10,36.7,72,1784,49,12.71,5.15,100
1969,11,36.7,75,1488,50,11,4.21,100
1969,12,36.7,74,1192,50,12.71,4.21,100
1969,13,36.7,75,896,50,12.71,4.21,100
1969,14,36.7,74,600,50,12.71,5.15,100
1259,1,36.7,72,249,0,14.35,2.82,28
1259,2,36.7,75,478,4,17.7,2.82,28
1259,3,36.7,75,707,6,14.35,2.85,28
1259,4,36.7,74,936,10,11,2.82,28
1259,5,36.7,74,1164,13,14.35,2.82,28
1259,6,36.7,72,1393,14,14.35,2.75,28
1259,7,36.7,74,1622,15,14.35,2.82,28
1259,8,36.7,73,1851,3,14.35,2.82,28
1259,9,36.7,74,2080,4,14.35,2.85,28
1259,10,36.7,75,2080,7,14.35,2.82,28
1259,11,36.7,75,1710,7,17.7,2.82,28
1259,12,36.7,73,1340,10,14.35,2.82,28
1259,13,36.7,74,970,13,14.35,2.82,28
1259,14,36.7,72,600,14,11,2.82,28
1298,1,36.7,74,249,0,15.47,4.17,52
1298,2,36.7,74,432,3,15.47,4.17,52
1298,3,36.7,72,615,4,15.47,4.5,52
1298,4,36.7,74,798,8,15.47,4.17,52
1298,5,36.7,75,981,19,15.47,4.17,52
1298,6,36.7,73,1164,23,15.47,4.17,52
1298,7,36.7,73,1348,27,15.47,4.17,52
1298,8,36.7,74,1531,29,15.47,4.17,52
1298,9,36.7,75,1714,30,17.7,2.85,52
1298,10,36.7,75,1897,3,15.47,4.17,52
1298,11,36.7,75,2080,19,11,5.15,52
1298,12,36.7,72,2080,20,17.7,4.17,52
1298,13,36.7,72,1340,24,15.47,4.17,52
1298,14,36.7,75,600,26,15.47,4.17,52
1672,1,36.7,74,249,0,14.92,5.15,98
1672,2,36.7,72,446,1,14.92,3.79,98
1672,3,36.7,74,642,1,14.92,4.5,98
1672,4,36.7,75,839,2,11,3.79,98
1672,5,36.7,73,1035,4,17.7,3.79,98
1672,6,36.7,72,1232,7,14.92,3.79,98
1672,7,36.7,72,1429,11,14.92,4.2,98
1672,8,36.7,75,1625,47,14.92,2.85,98
1672,9,36.7,73,1822,48,11,3.79,98
1672,10,36.7,75,2018,47,17.7,4.2,98
1672,11,36.7,72,2215,49,17.2,2.85,98
1672,12,36.7,74,2215,49,14.92,3.79,98
1672,13,36.7,75,1408,49,14.92,2.75,98
1672,14,36.7,75,600,49,14.92,3.79,98
1965,1,36.7,74,249,0,18.7,4.25,40
1965,2,36.7,72,402,0,17.73,4.5,40
1965,3,36.7,72,555,1,17.7,4.25,40
1965,4,36.7,72,708,4,16.3,4.25,40
1965,5,36.7,72,861,8,18.7,4.25,40
1965,6,36.7,72,1014,3,17.73,4.25,40
1965,7,36.7,73,1168,4,17.73,4.25,40
1965,8,36.7,74,1321,5,17.73,4.25,40
1965,9,36.7,75,1474,9,17.73,4.25,40
1965,10,36.7,75,1627,11,16.3,4.25,40
1965,11,36.7,72,1780,13,17.73,2.85,40
1965,12,36.7,72,1933,14,18.7,4.5,40
1965,13,36.7,74,1933,19,17.73,4.25,40
1965,14,36.7,75,600,20,17.7,5.15,40
1898,1,36.7,74,1636,28,15.32,3.65,64
1898,2,36.7,74,1735,30,18.7,3.65,64
1898,3,36.7,74,1834,19,15.32,3.65,64
1898,4,36.7,75,1933,22,15.32,3.65,64
1898,5,36.7,74,1933,26,15.32,3.65,64
1898,6,36.7,75,1785,28,17.7,3.65,64
1898,7,36.7,72,1637,33,15.32,3.65,64
1898,8,36.7,73,1489,34,15.32,3.65,64
1898,9,36.7,72,1341,19,11,3.65,64
1898,10,36.7,75,1192,23,11,3.65,64
1898,11,36.7,72,1044,26,17.7,4.2,64
1898,12,36.7,74,896,28,18.7,2.85,64
1898,13,36.7,74,748,28,15.32,3.65,64
1898,14,36.7,72,600,32,17.2,3.65,64
1850,1,36.7,72,249,0,17.7,3.79,46
1850,2,36.7,73,432,4,11,3.79,46
1850,3,36.7,73,615,4,14.94,5.15,46
1850,4,36.7,75,798,7,14.94,3.79,46
1850,5,36.7,74,981,7,14.94,3.79,46
1850,6,36.7,75,1164,11,18.7,4.5,46
1850,7,36.7,73,1348,13,14.94,3.79,46
1850,8,36.7,72,1531,14,14.94,3.79,46
1850,9,36.7,73,1714,15,16.3,3.79,46
1850,10,36.7,75,1897,17,14.94,2.75,46
1850,11,36.7,73,2080,19,14.94,2.75,46
1850,12,36.7,72,2080,19,14.94,3.79,46
1850,13,36.7,75,1340,21,14.94,3.79,46
1850,14,36.7,73,600,23,11,3.79,46
1240,1,36.7,73,249,0,16.45,4.32,44
1240,2,36.7,72,332,1,16.45,4.32,44
1240,3,36.7,74,414,5,16.45,4.2,44
1240,4,36.7,75,497,3,16.45,4.32,44
1240,5,36.7,72,580,5,17.2,2.85,44
1240,6,36.7,74,662,7,16.45,4.32,44
1240,7,36.7,72,745,10,11,4.32,44
1240,8,36.7,75,828,12,17.7,4.32,44
1240,9,36.7,72,911,16,17.2,4.32,44
1240,10,36.7,73,993,16,16.45,4.32,44
1240,11,36.7,74,1076,19,18.7,5.15,44
1240,12,36.7,75,1159,20,16.45,4.32,44
1240,13,36.7,73,1241,21,16.45,4.32,44
1240,14,36.7,72,1324,22,11,4.32,44
1359,1,36.7,75,249,0,17.2,4.5,48
1359,2,36.7,75,417,4,15.13,4.18,48
1359,3,36.7,72,586,4,11,4.18,48
1359,4,36.7,74,754,4,15.13,4.18,48
1359,5,36.7,73,923,4,15.13,4.18,48
1359,6,36.7,75,1091,9,15.13,5.15,48
1359,7,36.7,72,1259,13,17.2,4.18,48
1359,8,36.7,74,1428,14,15.13,4.18,48
1359,9,36.7,75,1596,17,15.13,4.18,48
1359,10,36.7,73,1765,19,15.13,4.2,48
1359,11,36.7,73,1933,22,11,4.18,48
1359,12,36.7,72,1933,22,17.2,4.18,48
1359,13,36.7,72,1266,19,15.13,4.18,48
1359,14,36.7,73,600,24,17.2,2.85,48
1000,1,36.7,74,981,49,15.23,4.36,98
1000,2,36.7,74,1034,50,15.23,4.9,98
1000,3,36.7,74,1086,50,17.2,4.36,98
1000,4,36.7,74,1138,3,15.23,4.36,98
1000,5,36.7,72,1191,6,15.23,4.36,98
1000,6,36.7,73,1243,8,15.23,4.36,98
1000,7,36.7,72,1295,12,15.23,4.36,98
1000,8,36.7,73,1348,16,18.7,4.9,98
1000,9,36.7,74,1400,19,15.23,4.2,98
1000,10,36.7,73,1452,22,16.3,4.36,98
1000,11,36.7,74,1505,27,15.23,4.36,98
1000,12,36.7,73,1557,3,17.2,4.36,98
1000,13,36.7,72,1609,8,15.23,4.9,98
1000,14,36.7,74,1661,8,15.23,2.85,98
1417,1,36.7,73,249,0,16.53,2.75,38
1417,2,36.7,73,446,1,18.7,4.49,38
1417,3,36.7,74,642,3,16.53,4.9,38
1417,4,36.7,75,839,6,16.53,4.49,38
1417,5,36.7,72,1035,9,16.53,4.5,38
1417,6,36.7,74,1232,14,16.53,4.49,38
1417,7,36.7,74,1429,16,11,4.49,38
1417,8,36.7,73,1625,3,16.53,4.49,38
1417,9,36.7,75,1822,5,16.53,4.5,38
1417,10,36.7,72,2018,9,16.53,4.49,38
1417,11,36.7,73,2215,3,17.7,5.15,38
1417,12,36.7,74,2215,6,16.53,5.15,38
1417,13,36.7,75,1408,7,16.53,4.49,38
1417,14,36.7,74,600,19,18.7,4.49,38
1264,1,37.7,73,249,0,17.9,4.27,100
1264,2,36.7,73,341,2,18.1,4.27,100
1264,3,33.3,72,433,6,16.73,4.27,100
1264,4,36.7,72,525,8,16.73,4.27,100
1264,5,33.4,72,617,38,16.73,4.27,100
1264,6,39,71,708,40,16.73,3.8,100
1264,7,36.7,73,800,44,16.73,4.27,100
1264,8,34.3,81,892,45,16.73,4.27,100
1264,9,36.7,73,984,48,16.73,4.27,100
1264,10,36.7,72,1076,48,16.73,4.27,100
1264,11,33.4,80,1168,48,17.9,4.27,100
1264,12,33.4,74,1260,49,16.73,4.27,100
1264,13,36.7,72,1352,49,16.73,4.27,100
1264,14,34.3,73,1444,49,18.1,4.27,100
1695,1,36.7,73,1274,2,14.55,3.8,20
1695,2,36.7,81,1347,38,13.65,3.94,20
1695,3,33.4,70,1420,42,14.55,3.94,20
1695,4,36.7,72,1494,0,14.55,3.94,20
1695,5,36.7,73,1567,0,13.65,3.94,20
1695,6,33.3,75,1640,3,14.55,3.94,20
1695,7,36.7,73,1713,7,14.55,3.94,20
1695,8,36.7,73,1787,10,14.75,4.75,20
1695,9,33.3,78,1860,0,18.6,3.94,20
1695,10,37.7,80,1933,1,13.65,3.94,20
1695,11,33.3,73,1933,3,14.55,3.94,20
1695,12,39.5,73,1489,5,14.3,3.94,20
1695,13,34.3,72,1044,7,14.55,2.6,20
1695,14,34.3,76,600,10,14.55,3.94,20
1922,1,39,75,249,0,17.97,4.82,76
1922,2,33.4,73,493,5,17.9,4.82,76
1922,3,39,72,737,9,17.97,4.85,76
1922,4,36.7,73,981,0,17.97,4.82,76
1922,5,36.7,72,1224,2,17.97,4.82,76
1922,6,36.7,73,1468,6,17.97,4.75,76
1922,7,39,73,1712,7,17.97,4.82,76
1922,8,37.7,74,1956,10,17.97,4.82,76
1922,9,36.7,73,2200,11,17.9,4.82,76
1922,10,33.4,72,2200,11,17.97,4.82,76
1922,11,34.3,81,1800,38,18.1,4.82,76
1922,12,33.3,72,1400,39,17.97,4.85,76
1922,13,30.9,73,1000,41,17.97,4.82,76
1922,14,30.9,81,600,38,17.97,4.82,76
1009,1,30.9,71,1081,38,16.1,4.45,14
1009,2,30.9,80,1141,38,16.1,4.9,14
1009,3,36.7,73,1200,40,18.1,4.9,14
1009,4,39,72,1259,43,14.3,4,14
1009,5,39,74,1319,46,16.1,4.45,14
1009,6,36.7,73,1378,47,16.1,4.45,14
1009,7,37.7,79,1438,48,16.1,3.8,14
1009,8,36.7,72,1497,2,18.6,4.45,14
1009,9,39,73,1557,4,16.1,4.45,14
1009,10,36.7,73,1616,5,16.1,4.45,14
1009,11,34.3,70,1676,9,16.1,4.45,14
1009,12,30.9,75,1735,12,16.1,4.45,14
1009,13,36.7,81,1794,2,16.1,4.45,14
1009,14,33.3,73,1854,7,16.1,4.45,14
1666,1,30.9,70,249,0,18.13,4.9,66
1666,2,36.7,72,442,5,18.1,3.88,66
1666,3,36.7,73,635,0,18.13,2.6,66
1666,4,39,78,829,0,17.9,4.75,66
1666,5,30.9,73,1022,5,18.13,3.8,66
1666,6,33.4,73,1215,8,18.13,2.6,66
1666,7,36.7,72,1408,12,18.13,3.88,66
1666,8,33.4,73,1602,15,18.13,2.6,66
1666,9,36.7,81,1795,18,18.13,4.9,66
1666,10,33.3,73,1988,19,18.6,3.88,66
1666,11,30.9,81,2181,22,18.13,4.85,66
1666,12,36.7,81,2181,27,18.13,3.88,66
1666,13,39,75,1391,29,18.13,3.88,66
1666,14,36.7,81,600,33,17.9,3.88,66
1431,1,30.9,73,1408,38,17.9,2.6,28
1431,2,39.5,73,1491,40,16.08,3.81,28
1431,3,30.9,75,1574,40,16.08,3.81,28
1431,4,30.9,81,1657,41,16.08,3.8,28
1431,5,33.4,79,1740,45,16.08,4,28
1431,6,37.7,78,1822,47,16.08,3.81,28
1431,7,36.7,73,1905,47,17.9,4.85,28
1431,8,39.5,79,1988,50,16.08,4.75,28
1431,9,39,77,1988,50,18.1,3.81,28
1431,10,37.7,72,1710,2,16.08,3.81,28
1431,11,30.9,73,1433,6,16.08,3.8,28
1431,12,30.9,72,1155,9,16.08,3.81,28
1431,13,33.3,81,878,12,16.08,3.81,28
1431,14,36.7,81,600,14,16.08,3.81,28
1617,1,36.7,73,249,0,15.5,4.9,76
1617,2,36.7,73,466,3,15.5,4.88,76
1617,3,39.5,76,684,5,15.5,4.85,76
1617,4,33.3,73,901,10,15.5,4.88,76
1617,5,36.7,81,1118,12,14.75,4.88,76
1617,6,36.7,72,1336,13,15.5,4.88,76
1617,7,36.7,73,1553,15,15.5,4.9,76
1617,8,37.7,75,1771,20,13.65,4.88,76
1617,9,30.9,78,1988,22,18.1,4.88,76
1617,10,39,74,1988,23,15.5,4.88,76
1617,11,34.3,72,1641,27,15.5,4.88,76
1617,12,39,73,1294,31,15.5,4.88,76
1617,13,39,75,947,36,15.5,4.88,76
1617,14,37.7,73,600,38,15.5,4.88,76
1720,1,33.3,76,249,0,13.65,4.13,68
1720,2,36.7,73,423,0,15.67,4.9,68
1720,3,36.7,73,597,4,18.6,4.13,68
1720,4,33.4,79,771,6,15.67,4.13,68
1720,5,34.3,71,945,8,15.67,2.6,68
1720,6,37.7,77,1118,10,15.67,4.13,68
1720,7,36.7,73,1292,14,15.67,4.13,68
1720,8,36.7,73,1466,17,15.67,4.13,68
1720,9,36.7,73,1640,19,15.67,4.13,68
1720,10,39,79,1814,23,15.67,4.13,68
1720,11,36.7,73,1988,23,15.67,4.13,68
1720,12,36.7,73,1988,28,14.75,4.9,68
1720,13,39.5,73,1294,31,15.67,4.13,68
1720,14,36.7,73,600,34,15.67,4.13,68
1792,1,36.7,81,249,0,17.04,4.63,24
1792,2,36.7,81,343,2,17.04,4.85,24
1792,3,36.7,73,436,7,17.04,4.9,24
1792,4,37.7,73,530,0,17.04,4.85,24
1792,5,36.7,72,623,2,18.1,4.63,24
1792,6,33.3,74,717,3,17.04,4.63,24
1792,7,39.5,77,811,6,17.04,4.63,24
1792,8,33.4,77,904,9,17.04,4.63,24
1792,9,37.7,73,998,12,14.75,4.63,24
1792,10,33.3,75,1092,16,17.04,4.63,24
1792,11,34.3,80,1185,20,17.04,4.63,24
1792,12,36.7,73,1279,23,17.04,4.63,24
1792,13,33.3,76,1372,25,17.04,4.63,24
1792,14,36.7,73,1466,30,17.04,4.63,24
1596,1,36.7,73,249,0,16.36,4.39,96
1596,2,34.3,73,426,2,16.36,4.9,96
1596,3,30.9,79,602,4,18.6,4.39,96
1596,4,39,75,779,8,14.3,4.39,96
1596,5,36.7,73,955,8,18.1,4.39,96
1596,6,39.5,72,1132,11,16.36,4.39,96
1596,7,36.7,81,1309,12,18.1,4,96
1596,8,36.7,73,1485,13,13.65,4.39,96
1596,9,39,73,1662,13,16.36,4.39,96
1596,10,36.7,72,1838,14,18.1,4.85,96
1596,11,37.7,71,2015,38,16.36,4.39,96
1596,12,34.3,80,2015,43,16.36,4.39,96
1596,13,39,73,1308,46,16.36,4.39,96
1596,14,39,72,600,48,13.65,3.8,96
1269,1,36.7,73,249,0,16.78,4.16,30
1269,2,39.5,75,446,1,16.78,4.75,30
1269,3,39.5,80,642,4,16.78,4.16,30
1269,4,33.3,72,839,6,16.78,4.9,30
1269,5,30.9,81,1035,10,16.78,3.8,30
1269,6,34.3,81,1232,38,16.78,4.16,30
1269,7,33.4,78,1429,41,16.78,4.9,30
1269,8,37.7,80,1625,42,16.78,4.16,30
1269,9,36.7,73,1822,2,18.1,4.16,30
1269,10,36.7,73,2018,4,16.78,4.16,30
1269,11,36.7,73,2215,7,13.65,4.16,30
1269,12,37.7,76,2215,11,16.78,4.16,30
1269,13,36.7,73,1408,13,16.78,4,30
1269,14,30.9,79,600,15,18.6,2.6,30
1586,1,36.7,73,249,0,18.35,4.75,16
1586,2,39,76,407,2,18.35,3.8,16
1586,3,30.9,73,565,4,18.35,4.49,16
1586,4,39,75,723,9,18.1,4.49,16
1586,5,36.7,72,881,11,18.35,4.49,16
1586,6,36.7,72,1039,16,18.35,4.85,16
1586,7,34.3,81,1198,38,18.35,4.49,16
1586,8,34.3,78,1356,42,18.35,4.85,16
1586,9,33.4,81,1514,42,18.35,4.49,16
1586,10,37.7,74,1672,46,18.35,3.8,16
1586,11,33.4,72,1830,0,18.6,4.49,16
1586,12,34.3,78,1988,4,18.35,4.49,16
1586,13,33.3,72,1988,6,18.35,4.9,16
1586,14,30.9,73,600,8,18.35,4.49,16
1049,1,36.7,72,249,0,14.45,4.9,56
1049,2,36.7,72,446,4,14.45,3.37,56
1049,3,36.7,72,642,4,14.45,3.37,56
1049,4,34.3,77,839,2,14.45,2.6,56
1049,5,34.3,78,1035,3,14.45,3.37,56
1049,6,36.7,73,1232,6,14.45,3.37,56
1049,7,36.7,73,1429,7,14.75,3.37,56
1049,8,39,74,1625,10,14.3,3.37,56
1049,9,36.7,73,1822,15,14.3,2.6,56
1049,10,33.4,72,2018,18,14.45,3.37,56
1049,11,37.7,75,2215,19,14.45,3.37,56
1049,12,36.7,73,2215,21,14.45,3.37,56
1049,13,36.7,72,1408,26,14.45,3.37,56
1049,14,33.3,70,600,28,14.45,3.37,56
1070,1,39.5,79,249,0,14.3,3.37,6
1070,2,39.5,75,423,1,14.3,3.37,6
1070,3,33.4,78,597,5,14.3,3.37,6
1070,4,39,76,771,9,14.3,3.37,6
1070,5,34.3,72,945,12,14.3,3.37,6
1070,6,39.5,78,1118,12,14.3,3.37,6
1070,7,33.4,81,1292,15,14.3,3.37,6
1070,8,36.7,81,1466,19,14.3,3.37,6
1070,9,37.7,76,1640,21,14.3,3.37,6
1070,10,30.9,77,1814,25,14.3,3.37,6
1070,11,39,80,1988,26,14.3,3.37,6
1070,12,39,73,1988,38,14.3,3.37,6
1070,13,34.3,79,1294,2,14.3,3.37,6
1070,14,30.9,72,600,3,14.3,3.37,6
1366,1,33.4,76,1364,16,14.24,4.09,94
1366,2,33.4,75,1443,16,14.75,4.09,94
1366,3,33.3,75,1523,18,14.3,4.9,94
1366,4,34.3,72,1602,19,14.24,3.8,94
1366,5,36.7,73,1682,23,14.24,4.09,94
1366,6,37.7,73,1762,28,14.24,4.9,94
1366,7,39,79,1841,28,14.24,4.75,94
1366,8,39,75,1921,32,14.24,4.09,94
1366,9,36.7,81,2000,36,14.75,4.09,94
1366,10,36.7,73,2080,40,14.24,4.9,94
1366,11,30.9,70,2080,43,17.9,4.09,94
1366,12,39.5,73,1587,45,14.24,4.09,94
1366,13,36.7,73,1093,47,13.65,4.09,94
1366,14,36.7,72,600,47,14.24,4.85,94
1935,1,36.7,73,249,0,15.73,4.32,64
1935,2,39,78,361,1,15.73,4.32,64
1935,3,39.5,79,473,3,15.73,4.75,64
1935,4,37.7,73,585,6,15.73,4.32,64
1935,5,39.5,80,697,7,15.73,4.32,64
1935,6,39.5,80,808,11,15.73,4.32,64
1935,7,39.5,78,920,15,13.65,4.32,64
1935,8,39.5,73,1032,17,15.73,4.32,64
1935,9,33.3,70,1144,21,15.73,4.32,64
1935,10,36.7,73,1256,26,15.73,4.32,64
1935,11,39.5,76,1368,28,18.1,4.32,64
1935,12,37.7,81,1480,30,18.6,4.32,64
1935,13,34.3,74,1592,31,14.75,4.32,64
1935,14,39,76,1703,32,14.3,4.75,64
1612,1,39,73,249,0,16.88,2.6,20
1612,2,36.7,81,423,3,16.88,3.47,20
1612,3,33.3,77,597,38,18.1,3.8,20
1612,4,36.7,72,771,42,16.88,3.47,20
1612,5,30.9,73,945,43,17.9,3.47,20
1612,6,39,77,1118,48,16.88,3.47,20
1612,7,34.3,73,1292,38,14.3,3.47,20
1612,8,33.3,79,1466,40,16.88,3.47,20
1612,9,39.5,81,1640,43,16.88,4,20
1612,10,33.3,74,1814,44,16.88,3.47,20
1612,11,39,77,1988,2,18.1,3.47,20
1612,12,33.3,77,1988,6,14.3,3.47,20
1612,13,34.3,74,1294,8,16.88,3.47,20
1612,14,34.3,80,600,10,18.6,3.47,20
1938,1,39,72,249,0,18.6,4.9,32
1938,2,33.3,79,495,38,17.06,4.14,32
1938,3,30.9,72,740,0,17.06,2.6,32
1938,4,39,70,986,1,17.06,4.14,32
1938,5,33.3,75,1232,0,17.06,4,32
1938,6,34.3,77,1478,4,17.06,4.14,32
1938,7,39.5,73,1724,7,17.06,4.14,32
1938,8,36.7,73,1969,0,17.06,4.75,32
1938,9,33.3,73,2215,5,18.1,3.8,32
1938,10,30.9,80,2215,5,17.06,4,32
1938,11,34.3,76,1811,6,17.06,4.14,32
1938,12,33.4,80,1408,10,17.06,4.9,32
1938,13,39.5,80,1004,12,13.65,4.14,32
1938,14,33.4,77,600,16,17.9,4.14,32
1152,1,39.5,79,249,0,14.75,3.8,100
1152,2,33.3,76,470,2,16.1,3.81,100
1152,3,37.7,79,690,4,16.1,4.85,100
1152,4,37.7,79,911,38,16.1,3.81,100
1152,5,36.7,72,1132,40,16.1,3.81,100
1152,6,36.7,72,1353,42,18.6,3.81,100
1152,7,39,73,1574,44,16.1,3.81,100
1152,8,36.7,73,1794,44,16.1,3.81,100
1152,9,39.5,72,2015,47,16.1,2.6,100
1152,10,36.7,81,2015,50,14.3,3.81,100
1152,11,36.7,72,1661,50,18.1,3.81,100
1152,12,30.9,73,1308,50,16.1,3.81,100
1152,13,34.3,80,954,50,16.1,4,100
1152,14,36.7,72,600,50,14.75,3.81,100
1956,1,39,74,249,0,16.77,3.78,64
1956,2,36.7,73,426,3,16.77,3.78,64
1956,3,36.7,81,602,7,18.1,4.75,64
1956,4,34.3,78,779,7,16.77,3.78,64
1956,5,30.9,73,955,8,14.3,3.78,64
1956,6,33.3,78,1132,12,16.77,3.78,64
1956,7,36.7,72,1309,16,18.1,3.78,64
1956,8,36.7,72,1485,17,16.77,3.78,64
1956,9,30.9,77,1662,18,16.77,3.78,64
1956,10,36.7,73,1838,18,16.77,3.78,64
1956,11,36.7,73,2015,22,16.77,4,64
1956,12,33.4,72,2015,25,14.75,3.78,64
1956,13,39.5,78,1308,30,16.77,2.6,64
1956,14,33.4,76,600,32,18.6,3.78,64
1256,1,33.4,78,249,0,16.2,3.8,0
1256,2,39.5,72,407,0,16.2,4.63,0
1256,3,39.5,72,565,3,16.2,4.63,0
1256,4,36.7,73,723,7,16.2,4.63,0
1256,5,34.3,76,881,2,18.1,4.63,0
1256,6,33.3,72,1039,4,16.2,4.63,0
1256,7,37.7,72,1198,8,16.2,4.63,0
1256,8,36.7,81,1356,9,16.2,4.63,0
1256,9,30.9,73,1514,12,16.2,4.9,0
1256,10,30.9,76,1672,17,16.2,4.9,0
1256,11,39.5,73,1830,20,16.2,4.63,0
1256,12,39.5,75,1988,24,14.3,4.9,0
1256,13,39.5,73,1988,29,16.2,4.63,0
1256,14,34.3,73,600,0,16.2,4.63,0
1000,1,36.7,73,1714,11,15.23,4.36,98
1000,2,36.7,73,1766,16,14.75,4.9,98
1000,3,36.7,72,1818,18,15.23,4.36,98
1000,4,33.3,72,1871,21,14.75,4.9,98
1000,5,33.3,73,1923,25,15.23,3.8,98
1000,6,34.3,72,1975,29,15.23,4.36,98
1000,7,33.4,73,2028,34,13.65,4.36,98
1000,8,34.3,81,2080,38,15.23,4.75,98
1000,9,36.7,72,2080,42,15.23,4.75,98
1000,10,39,74,1784,44,13.65,2.6,98
1000,11,33.4,77,1488,44,15.23,4.36,98
1000,12,33.4,73,1192,46,15.23,4.36,98
1000,13,37.7,77,896,47,15.23,4.36,98
1000,14,33.3,74,600,49,15.23,4.36,98
1712,1,39,76,249,0,18.27,3.2,4
1712,2,39.5,73,423,3,18.6,2.6,4
1712,3,39,73,597,5,18.27,3.2,4
1712,4,36.7,73,771,6,18.27,3.2,4
1712,5,33.3,73,945,9,18.27,3.2,4
1712,6,36.7,72,1118,12,18.27,3.2,4
1712,7,36.7,81,1292,14,18.27,3.2,4
1712,8,37.7,75,1466,0,18.1,3.8,4
1712,9,36.7,81,1640,1,18.1,3.2,4
1712,10,37.7,71,1814,2,18.27,3.2,4
1712,11,37.7,71,1988,4,18.27,3.2,4
1712,12,37.7,74,1988,8,18.27,3.2,4
1712,13,33.4,73,1294,10,18.27,3.2,4
1712,14,39.5,70,600,2,18.27,3.2,4
1967,1,33.4,80,249,0,16.03,4.83,100
1967,2,39.5,72,428,2,16.03,4.83,100
1967,3,36.7,73,606,4,16.03,4.83,100
1967,4,33.4,72,785,2,16.03,4.83,100
1967,5,33.3,81,964,6,18.6,4.83,100
1967,6,33.4,76,1143,38,16.03,4.83,100
1967,7,36.7,72,1321,40,16.03,4.83,100
1967,8,39.5,72,1500,38,16.03,4.83,100
1967,9,33.4,81,1679,41,16.03,4.83,100
1967,10,30.9,72,1858,43,16.03,4.75,100
1967,11,36.7,81,2036,44,16.03,4.9,100
1967,12,36.7,81,2215,48,16.03,4.83,100
1967,13,36.7,73,2215,50,14.75,4.83,100
1967,14,33.4,77,600,50,14.75,4.83,100
1025,1,37.7,72,249,0,17.27,4,0
1025,2,34.3,73,365,2,17.27,4.29,0
1025,3,30.9,72,480,3,17.27,4.29,0
1025,4,37.7,72,596,5,17.27,4.29,0
1025,5,36.7,72,712,8,17.27,4.29,0
1025,6,34.3,73,827,9,17.27,4.29,0
1025,7,39,72,943,38,17.27,4.29,0
1025,8,36.7,72,1059,41,17.27,3.8,0
1025,9,33.3,76,1174,45,17.27,4,0
1025,10,36.7,72,1290,49,17.27,4.29,0
1025,11,33.4,75,1405,50,17.27,4.75,0
1025,12,36.7,73,1521,38,17.27,4.29,0
1025,13,39.5,74,1637,0,17.27,4.29,0
1025,14,36.7,81,1752,0,13.65,4.29,0
1851,1,36.7,72,249,0,18.6,3.83,100
1851,2,39,79,470,2,18.6,4.9,100
1851,3,33.3,75,690,5,18.6,3.83,100
1851,4,36.7,73,911,10,18.6,3.83,100
1851,5,33.3,74,1132,14,18.6,3.83,100
1851,6,33.3,75,1353,38,18.6,2.6,100
1851,7,33.3,75,1574,43,18.6,3.83,100
1851,8,30.9,72,1794,47,18.6,3.83,100
1851,9,30.9,71,2015,49,18.6,3.83,100
1851,10,36.7,73,2015,50,18.6,3.83,100
1851,11,33.3,73,1661,50,18.6,3.83,100
1851,12,34.3,71,1308,50,18.6,4,100
1851,13,33.3,74,954,50,18.6,3.83,100
1851,14,33.3,79,600,50,18.6,3.8,100
1957,1,34.3,73,249,0,14.3,4.57,60
1957,2,36.7,73,326,4,15.79,4.57,60
1957,3,33.3,80,403,6,15.79,4.57,60
1957,4,36.7,81,479,11,18.6,4.57,60
1957,5,37.7,76,556,12,13.65,4.57,60
1957,6,30.9,80,633,15,15.79,3.8,60
1957,7,33.3,81,710,17,15.79,4.85,60
1957,8,30.9,75,786,38,15.79,4.57,60
1957,9,36.7,81,863,40,14.3,4.57,60
1957,10,37.7,73,940,44,17.9,4.57,60
1957,11,36.7,73,1017,48,15.79,4.57,60
1957,12,36.7,73,1094,50,17.9,4.57,60
1957,13,36.7,81,1170,50,14.3,4.57,60
1957,14,36.7,73,1247,50,17.9,4.57,60
1119,1,36.7,72,249,0,15.19,4.35,14
1119,2,36.7,73,334,2,15.19,4.35,14
1119,3,39,73,420,6,15.19,4.35,14
1119,4,34.3,72,505,9,14.3,4.85,14
1119,5,33.4,72,591,0,15.19,4.35,14
1119,6,39.5,79,676,5,15.19,4,14
1119,7,33.3,80,762,10,15.19,2.6,14
1119,8,36.7,73,847,12,15.19,4.75,14
1119,9,33.3,75,933,16,18.6,4.35,14
1119,10,39.5,73,1018,17,15.19,4.35,14
1119,11,33.3,72,1104,18,13.65,4.35,14
1119,12,36.7,73,1189,0,15.19,4.35,14
1119,13,36.7,73,1275,3,15.19,4.85,14
1119,14,36.7,81,1360,7,15.19,4.35,14
1590,1,39,79,249,0,17.07,4.14,58
1590,2,30.9,76,340,4,17.07,4.14,58
1590,3,34.3,80,430,4,18.1,4.14,58
1590,4,36.7,72,521,5,17.07,4.14,58
1590,5,36.7,73,611,7,17.07,4.14,58
1590,6,36.7,81,702,10,17.07,4.14,58
1590,7,39.5,71,792,12,17.07,4.14,58
1590,8,33.3,73,883,16,17.07,3.8,58
1590,9,36.7,73,974,17,17.9,4,58
1590,10,34.3,77,1064,19,17.07,4.14,58
1590,11,30.9,81,1155,20,17.07,4.14,58
1590,12,37.7,73,1245,21,18.6,4.14,58
1590,13,33.3,72,1336,24,17.9,4.14,58
1590,14,36.7,72,1426,29,18.1,3.8,58
1430,1,34.3,71,249,0,16.99,4.07,90
1430,2,33.4,71,495,2,16.99,4.07,90
1430,3,36.7,72,740,2,16.99,4.07,90
1430,4,37.7,72,986,2,18.1,4.07,90
1430,5,36.7,72,1232,5,16.99,2.6,90
1430,6,30.9,70,1478,38,16.99,4.75,90
1430,7,36.7,73,1724,42,18.1,4.07,90
1430,8,39.5,77,1969,46,16.99,4.07,90
1430,9,36.7,73,2215,0,16.99,4.07,90
1430,10,36.7,73,2215,4,16.99,4.07,90
1430,11,36.7,73,1811,7,13.65,4.85,90
1430,12,34.3,80,1408,38,18.1,4.07,90
1430,13,36.7,72,1004,42,16.99,4.07,90
1430,14,34.3,73,600,45,16.99,4.07,90
1981,1,36.7,73,249,0,17.63,4.8,32
1981,2,36.7,73,426,1,17.63,4.8,32
1981,3,37.7,74,602,3,17.63,4.8,32
1981,4,36.7,73,779,8,17.63,4.8,32
1981,5,36.7,73,955,10,17.63,4.8,32
1981,6,33.4,73,1132,14,17.63,4.75,32
1981,7,36.7,72,1309,19,18.1,4.85,32
1981,8,37.7,73,1485,21,17.63,4.75,32
1981,9,37.7,81,1662,23,14.75,4.8,32
1981,10,36.7,73,1838,2,18.6,4.8,32
1981,11,30.9,73,2015,3,18.6,4.8,32
1981,12,39,74,2015,7,17.63,4.8,32
1981,13,33.4,73,1308,12,18.1,4.8,32
1981,14,33.4,76,600,16,17.63,4.85,32
1315,1,33.3,80,249,0,17.9,3.78,78
1315,2,36.7,72,466,1,17.9,4,78
1315,3,39.5,76,684,38,17.9,3.78,78
1315,4,36.7,72,901,42,17.9,3.78,78
1315,5,36.7,73,1118,0,17.9,4.75,78
1315,6,36.7,81,1336,2,17.9,3.78,78
1315,7,37.7,70,1553,3,17.9,3.78,78
1315,8,36.7,72,1771,3,17.9,3.78,78
1315,9,36.7,73,1988,8,17.9,3.78,78
1315,10,37.7,81,1988,11,17.9,3.78,78
1315,11,36.7,73,1641,15,17.9,3.78,78
1315,12,36.7,72,1294,38,17.9,3.78,78
1315,13,33.4,71,947,38,17.9,3.78,78
1315,14,39.5,74,600,39,17.9,2.6,78
1296,1,34.3,79,249,0,14.3,4.19,100
1296,2,34.3,73,326,3,17.9,4.19,100
1296,3,33.3,70,403,7,16.22,4.19,100
1296,4,36.7,72,479,9,16.22,4.19,100
1296,5,39.5,80,556,2,16.22,4.19,100
1296,6,39.5,73,633,0,17.9,4.19,100
1296,7,36.7,72,710,5,16.22,4.85,100
1296,8,36.7,73,786,8,14.3,4.19,100
1296,9,39.5,73,863,10,16.22,4.19,100
1296,10,33.3,80,940,11,16.22,4.19,100
1296,11,39.5,78,1017,0,18.6,4.19,100
1296,12,36.7,73,1094,4,16.22,4.19,100
1296,13,36.7,72,1170,6,16.22,4,100
1296,14,39.5,80,1247,11,16.22,4.19,100
1533,1,39,74,249,0,15.15,4.05,98
1533,2,33.4,72,446,3,15.15,4.05,98
1533,3,36.7,73,642,3,15.15,4.05,98
1533,4,36.7,73,839,38,13.65,4.05,98
1533,5,39,77,1035,42,15.15,4.9,98
1533,6,36.7,81,1232,46,15.15,4.05,98
1533,7,39,72,1429,49,17.9,4.05,98
1533,8,36.7,72,1625,50,15.15,2.6,98
1533,9,34.3,78,1822,38,15.15,4.05,98
1533,10,34.3,73,2018,40,14.3,4.05,98
1533,11,39.5,73,2215,42,15.15,4.05,98
1533,12,37.7,73,2215,46,15.15,4.05,98
1533,13,39,79,1408,48,15.15,4.9,98
1533,14,39,74,600,49,14.75,3.8,98
1480,1,39.5,73,249,0,18.37,4.85,56
1480,2,36.7,73,410,2,18.37,4.3,56
1480,3,34.3,79,570,5,18.37,4.3,56
1480,4,39.5,77,731,6,18.37,4.3,56
1480,5,34.3,72,891,7,18.37,4.3,56
1480,6,34.3,74,1052,9,17.9,4.3,56
1480,7,33.4,79,1212,12,18.6,4.3,56
1480,8,30.9,78,1373,13,18.37,2.6,56
1480,9,34.3,80,1533,17,18.6,4.85,56
1480,10,33.4,72,1694,20,18.37,4.3,56
1480,11,39,73,1854,21,18.6,4.3,56
1480,12,33.3,74,2015,23,18.6,4.3,56
1480,13,39.5,70,2015,25,18.37,4.3,56
1480,14,36.7,73,600,28,17.9,4.9,56
1095,1,39,72,249,0,15.28,4.53,80
1095,2,36.7,73,410,3,15.28,4.53,80
1095,3,37.7,76,570,38,15.28,4.53,80
1095,4,36.7,73,731,40,14.3,4.85,80
1095,5,33.3,77,891,2,15.28,3.8,80
1095,6,36.7,81,1052,5,15.28,4.53,80
1095,7,34.3,74,1212,8,15.28,4,80
1095,8,36.7,73,1373,9,15.28,4.53,80
1095,9,36.7,81,1533,12,15.28,4.53,80
1095,10,37.7,70,1694,13,15.28,4.75,80
1095,11,39,70,1854,18,15.28,4.9,80
1095,12,33.3,73,2015,20,17.9,4.53,80
1095,13,37.7,73,2015,38,13.65,4.85,80
1095,14,36.7,72,600,40,15.28,4.53,80
1162,1,30.9,78,249,0,14.9,4.6,32
1162,2,36.7,81,428,3,14.3,4.85,32
1162,3,39.5,73,606,0,14.9,4.6,32
1162,4,34.3,81,785,3,14.9,4.6,32
1162,5,30.9,81,964,5,13.65,4.9,32
1162,6,39.5,72,1143,7,14.9,4.6,32
1162,7,36.7,72,1321,8,18.1,4.6,32
1162,8,36.7,73,1500,10,14.9,4.6,32
1162,9,34.3,81,1679,2,14.75,4.6,32
1162,10,39,72,1858,6,14.9,3.8,32
1162,11,37.7,72,2036,9,14.3,4.6,32
1162,12,30.9,76,2215,13,14.9,4.6,32
1162,13,39,79,2215,14,14.3,4.85,32
1162,14,36.7,72,600,16,14.9,4.6,32
1736,1,39,72,249,0,18.1,4.22,92
1736,2,30.9,71,423,1,18.1,4.85,92
1736,3,39,80,597,3,18.1,4.22,92
1736,4,37.7,75,771,2,18.1,4.75,92
1736,5,33.4,71,945,5,18.1,4.22,92
1736,6,37.7,76,1118,38,18.1,4.22,92
1736,7,36.7,72,1292,2,18.1,2.6,92
1736,8,36.7,72,1466,2,18.1,4.22,92
1736,9,36.7,72,1640,5,18.1,4.9,92
1736,10,36.7,73,1814,9,18.1,4.22,92
1736,11,36.7,72,1988,38,18.1,4.22,92
1736,12,36.7,73,1988,43,18.1,4,92
1736,13,36.7,73,1294,45,18.1,4.22,92
1736,14,36.7,73,600,46,18.1,4.22,92
1825,1,36.7,81,249,0,18.1,4.67,16
1825,2,39.5,74,426,5,18.1,4.67,16
1825,3,30.9,79,602,10,18.1,4.67,16
1825,4,39,80,779,12,18.1,4.67,16
1825,5,37.7,80,955,14,18.1,4.85,16
1825,6,39,73,1132,19,18.1,4,16
1825,7,39.5,78,1309,2,18.1,4.75,16
1825,8,36.7,72,1485,7,18.1,4.85,16
1825,9,34.3,81,1662,10,18.1,4.67,16
1825,10,36.7,72,1838,2,18.1,4.67,16
1825,11,36.7,72,2015,2,18.1,4.67,16
1825,12,30.9,72,2015,6,18.1,4.67,16
1825,13,36.7,73,1308,6,18.1,4.9,16
1825,14,33.3,73,600,8,18.1,4.67,16
1792,1,33.3,73,1560,31,17.04,4,24
1792,2,37.7,74,1653,34,17.04,4.75,24
1792,3,33.3,79,1747,38,18.1,4.63,24
1792,4,37.7,81,1841,43,18.1,4,24
1792,5,33.4,72,1934,2,18.1,4.63,24
1792,6,39,70,2028,7,18.6,4.63,24
1792,7,36.7,73,2121,8,17.04,4.63,24
1792,8,36.7,72,2215,10,17.04,4.63,24
1792,9,36.7,81,2215,15,18.6,4.63,24
1792,10,36.7,72,1892,2,17.04,4.63,24
1792,11,33.3,70,1569,3,13.65,4.9,24
1792,12,36.7,72,1246,4,18.1,4.75,24
1792,13,37.7,80,923,8,14.3,4.63,24
1792,14,30.9,76,600,12,17.04,4.63,24
1630,1,39,74,249,0,17.9,4,0
1630,2,36.7,72,426,2,15.69,4.22,0
1630,3,39,70,602,5,15.69,4.75,0
1630,4,39,73,779,10,14.75,4.9,0
1630,5,39.5,73,955,13,15.69,4.22,0
1630,6,37.7,74,1132,17,15.69,4.22,0
1630,7,34.3,72,1309,18,15.69,4.22,0
1630,8,30.9,72,1485,19,14.3,4.22,0
1630,9,36.7,73,1662,20,18.6,4.22,0
1630,10,36.7,73,1838,24,15.69,4.22,0
1630,11,30.9,71,2015,26,15.69,4.85,0
1630,12,36.7,72,2015,27,15.69,2.6,0
1630,13,30.9,73,1308,28,14.3,4.22,0
1630,14,37.7,72,600,0,14.3,4.22,0
1729,1,39,79,249,0,14.75,4.75,10
1729,2,39.5,81,426,1,15.8,4.24,10
1729,3,30.9,72,602,5,14.75,4.85,10
1729,4,30.9,72,779,7,15.8,4.24,10
1729,5,36.7,81,955,10,15.8,4.24,10
1729,6,39.5,73,1132,10,15.8,4.75,10
1729,7,36.7,73,1309,14,15.8,4.24,10
1729,8,37.7,81,1485,2,15.8,4.24,10
1729,9,36.7,73,1662,2,15.8,4.24,10
1729,10,33.3,73,1838,5,17.9,4.24,10
1729,11,36.7,72,2015,0,15.8,4.24,10
1729,12,34.3,78,2015,0,15.8,4.24,10
1729,13,30.9,72,1308,5,15.8,4.24,10
1729,14,39,72,600,5,15.8,2.6,10
1114,1,30.9,76,249,0,16.1,4.43,0
1114,2,34.3,72,470,4,16.1,4.43,0
1114,3,36.7,72,690,8,16.1,4,0
1114,4,36.7,73,911,10,16.1,4.85,0
1114,5,30.9,73,1132,14,16.1,4,0
1114,6,33.3,81,1353,15,16.1,4.43,0
1114,7,36.7,73,1574,19,16.1,4.43,0
1114,8,36.7,73,1794,20,17.9,4.85,0
1114,9,39,81,2015,22,14.3,4.43,0
1114,10,34.3,73,2015,26,16.1,4.43,0
1114,11,36.7,81,1661,29,16.1,4.43,0
1114,12,33.3,77,1308,30,16.1,4.43,0
1114,13,39.5,72,954,2,16.1,4.43,0
1114,14,39.5,79,600,0,16.1,4.43,0
1166,1,37.7,72,249,0,16.1,4.31,92
1166,2,36.7,72,423,2,16.1,4.31,92
1166,3,33.3,80,597,3,16.1,4.31,92
1166,4,33.3,73,771,8,16.1,4.9,92
1166,5,37.7,73,945,9,16.1,4.31,92
1166,6,33.4,81,1118,11,16.1,4.31,92
1166,7,36.7,73,1292,15,16.1,4.75,92
1166,8,34.3,71,1466,18,16.1,3.8,92
1166,9,39,76,1640,23,16.1,4.31,92
1166,10,36.7,72,1814,27,16.1,3.8,92
1166,11,33.4,79,1988,38,16.1,4.31,92
1166,12,33.3,72,1988,40,16.1,4.31,92
1166,13,36.7,81,1294,43,16.1,4.31,92
1166,14,36.7,72,600,46,16.1,4.31,92
1772,1,34.3,72,249,0,17.59,4.9,10
1772,2,39.5,81,466,1,17.9,4.43,10
1772,3,36.7,73,684,2,17.59,4.43,10
1772,4,39.5,72,901,3,17.59,4.43,10
1772,5,33.3,70,1118,4,17.59,4.43,10
1772,6,39.5,73,1336,8,17.59,4.43,10
1772,7,36.7,73,1553,10,18.6,4.43,10
1772,8,30.9,73,1771,13,17.59,3.8,10
1772,9,33.3,73,1988,17,17.59,4.43,10
1772,10,30.9,74,1988,17,18.1,3.8,10
1772,11,39.5,74,1641,0,17.59,4.43,10
1772,12,33.3,70,1294,0,18.6,4.75,10
1772,13,30.9,79,947,1,17.59,4.43,10
1772,14,33.3,72,600,5,14.75,4.9,10
1277,1,36.7,73,249,0,16.93,4,2
1277,2,36.7,72,470,5,17.9,4.6,2
1277,3,37.7,72,690,10,16.93,4.6,2
1277,4,34.3,79,911,14,16.93,4.75,2
1277,5,36.7,73,1132,17,14.3,4.9,2
1277,6,39.5,74,1353,19,16.93,4.6,2
1277,7,33.4,80,1574,22,16.93,4.6,2
1277,8,36.7,73,1794,24,16.93,4.6,2
1277,9,36.7,72,2015,29,16.93,4.75,2
1277,10,34.3,70,2015,32,16.93,4.6,2
1277,11,39.5,71,1661,35,16.93,4.6,2
1277,12,33.3,72,1308,37,18.6,4.6,2
1277,13,37.7,70,954,0,16.93,4.6,2
1277,14,36.7,72,600,1,16.93,4.6,2
1399,1,30.9,79,249,0,18.48,4.88,26
1399,2,39,70,426,2,18.6,4.88,26
1399,3,33.3,80,602,5,18.1,4.9,26
1399,4,33.3,70,779,8,18.48,4.9,26
1399,5,39.5,73,955,2,18.48,4.85,26
1399,6,39,70,1132,4,18.48,4.85,26
1399,7,39,70,1309,5,18.6,4.88,26
1399,8,36.7,73,1485,2,18.48,4.88,26
1399,9,37.7,71,1662,4,18.48,4.88,26
1399,10,39.5,74,1838,5,18.48,4.9,26
1399,11,39,73,2015,6,18.48,4.88,26
1399,12,36.7,72,2015,6,18.48,4.88,26
1399,13,36.7,73,1308,8,18.6,4.88,26
1399,14,33.3,71,600,13,18.48,4.88,26
1489,1,33.3,73,249,0,14.09,,98
1489,2,33.4,71,495,2,14.09,,98
1489,3,39,78,740,6,14.09,,98
1489,4,36.7,72,986,2,14.09,,98
1489,5,33.4,70,1232,5,14.75,,98
1489,6,30.9,72,1478,9,13.65,,98
1489,7,30.9,73,1724,14,14.09,,98
1489,8,36.7,72,1969,14,14.09,,98
1489,9,30.9,73,2215,18,14.09,,98
1489,10,30.9,78,2215,23,14.09,,98
1489,11,37.7,81,1811,38,14.09,,98
1489,12,39.5,71,1408,39,13.65,,98
1489,13,36.7,81,1004,44,14.3,,98
1489,14,37.7,71,600,49,14.09,,98
1541,1,36.7,81,249,0,15.65,4.625,48
1541,2,36.7,73,426,4,15.65,4,48
1541,3,33.3,80,602,9,15.65,4.75,48
1541,4,33.4,79,779,13,15.65,4.625,48
1541,5,36.7,81,955,2,17.9,4.625,48
1541,6,39.5,78,1132,4,14.75,4.625,48
1541,7,36.7,72,1309,9,15.65,4.625,48
1541,8,33.3,80,1485,9,15.65,4.625,48
1541,9,33.3,71,1662,14,15.65,4.625,48
1541,10,39.5,70,1838,14,14.3,4.625,48
1541,11,36.7,73,2015,16,15.65,4.625,48
1541,12,30.9,72,2015,21,15.65,4.625,48
1541,13,39,77,1308,22,15.65,4.9,48
1541,14,39.5,73,600,24,15.65,4.85,48
1313,1,39,80,1364,50,14.75,4.1,10
1313,2,36.7,81,1443,50,15.07,4.1,10
1313,3,33.3,72,1523,50,15.07,4.1,10
1313,4,39,77,1602,50,15.07,4.1,10
1313,5,39.5,70,1682,0,18.6,4.1,10
1313,6,34.3,73,1762,1,15.07,4.1,10
1313,7,36.7,73,1841,4,15.07,4.1,10
1313,8,36.7,81,1921,9,18.6,4.1,10
1313,9,33.4,76,2000,11,15.07,4.1,10
1313,10,39,72,2080,12,15.07,4.1,10
1313,11,37.7,73,2080,0,15.07,4.1,10
1313,12,36.7,72,1587,1,15.07,4.1,10
1313,13,30.9,71,1093,2,14.3,4.1,10
1313,14,33.3,81,600,5,15.07,4.1,10
1719,1,36.7,73,249,0,14.3,3.8,88
1719,2,37.7,70,470,2,15.72,4.35,88
1719,3,39.5,73,690,4,15.72,4.35,88
1719,4,37.7,74,911,8,14.75,4.35,88
1719,5,36.7,73,1132,11,15.72,4.35,88
1719,6,39,73,1353,13,15.72,4.35,88
1719,7,36.7,72,1574,15,15.72,4.35,88
1719,8,37.7,80,1794,16,15.72,4.35,88
1719,9,36.7,72,2015,18,15.72,4.75,88
1719,10,33.4,78,2015,38,18.1,4,88
1719,11,36.7,72,1661,39,15.72,4.35,88
1719,12,36.7,72,1308,41,15.72,4.35,88
1719,13,36.7,72,954,43,15.72,4.35,88
1719,14,30.9,80,600,44,15.72,4.85,88
1264,1,36.7,72,1535,50,16.73,4,100
1264,2,39,73,1627,2,16.73,4.26875,100
1264,3,33.4,77,1719,0,16.73,4.26875,100
1264,4,36.7,72,1811,1,16.73,4.75,100
1264,5,30.9,80,1903,3,13.65,4.26875,100
1264,6,33.3,73,1995,3,16.73,4.9,100
1264,7,39,80,2087,4,16.73,4.26875,100
1264,8,39,73,2179,38,14.75,4.26875,100
1264,9,37.7,73,2179,41,16.73,4,100
1264,10,34.3,79,1863,46,16.73,4.26875,100
1264,11,36.7,72,1547,48,16.73,3.8,100
1264,12,30.9,72,1231,49,16.73,4.26875,100
1264,13,36.7,81,916,50,16.73,4,100
1264,14,37.7,73,600,50,16.73,4.9,100
1782,1,39.5,77,1426,50,16.62,4.125,4
1782,2,36.7,73,1510,50,16.62,4.125,4
1782,3,30.9,72,1595,50,16.62,4.125,4
1782,4,30.9,80,1679,50,16.62,4.9,4
1782,5,36.7,73,1763,50,16.62,4.125,4
1782,6,33.3,73,1847,50,16.62,4.125,4
1782,7,36.7,73,1931,50,16.62,4.125,4
1782,8,37.7,71,2015,50,16.62,4.85,4
1782,9,33.3,76,2015,50,16.62,4.125,4
1782,10,36.7,72,1732,2,16.62,4.9,4
1782,11,39.5,72,1449,5,17.9,4.125,4
1782,12,36.7,73,1166,2,18.1,4,4
1782,13,39.5,74,883,6,16.62,4.9,4
1782,14,39.5,73,600,2,16.62,4.125,4
1137,1,33.3,78,249,0,17.3,4.75,4
1137,2,39,72,426,2,17.3,3.958333333,4
1137,3,37.7,73,602,6,17.3,4.9,4
1137,4,34.3,74,779,9,17.3,4.9,4
1137,5,34.3,76,955,10,18.1,3.958333333,4
1137,6,36.7,73,1132,13,17.3,3.958333333,4
1137,7,36.7,72,1309,14,18.1,3.958333333,4
1137,8,30.9,72,1485,16,17.3,2.6,4
1137,9,36.7,72,1662,38,17.3,3.958333333,4
1137,10,36.7,73,1838,43,14.3,3.958333333,4
1137,11,34.3,72,2015,46,18.1,2.6,4
1137,12,36.7,73,2015,49,17.3,4,4
1137,13,36.7,73,1308,38,17.3,3.958333333,4
1137,14,33.4,75,600,2,17.9,3.958333333,4
1957,1,36.7,72,1324,50,15.79,4.571428571,60
1957,2,36.7,72,1401,50,15.79,4.85,60
1957,3,36.7,81,1478,0,15.79,4.571428571,60
1957,4,33.4,70,1554,0,15.79,4.9,60
1957,5,36.7,72,1631,3,15.79,4.75,60
1957,6,36.7,72,1708,5,15.79,4,60
1957,7,37.7,78,1785,8,15.79,4.571428571,60
1957,8,33.4,72,1861,12,14.3,4.85,60
1957,9,36.7,73,1938,16,15.79,4.571428571,60
1957,10,33.3,77,2015,16,17.9,4.571428571,60
1957,11,39,73,2015,19,14.75,4.571428571,60
1957,12,34.3,72,1543,23,15.79,4.571428571,60
1957,13,36.7,72,1072,27,15.79,4.571428571,60
1957,14,36.7,73,600,30,13.65,4.571428571,60
1891,1,33.4,72,249,0,16.03,4.9,26
1891,2,33.4,72,466,2,16.03,4.19,26
1891,3,36.7,72,684,5,16.03,4.19,26
1891,4,39.5,79,901,10,18.6,4.19,26
1891,5,34.3,76,1118,0,16.03,4.19,26
1891,6,36.7,81,1336,1,16.03,2.6,26
1891,7,36.7,73,1553,2,16.03,4.19,26
1891,8,36.7,72,1771,0,16.03,4.19,26
1891,9,39.5,71,1988,2,16.03,4.19,26
1891,10,36.7,73,1988,4,16.03,4.9,26
1891,11,36.7,73,1641,7,14.75,4.19,26
1891,12,33.3,74,1294,8,14.75,3.8,26
1891,13,36.7,73,947,13,16.03,4.75,26
1891,14,36.7,72,600,13,16.03,4.19,26
1180,1,36.7,73,249,0,18.1,2.6,8
1180,2,33.4,73,426,3,18.1,4.75,8
1180,3,37.7,75,602,38,18.1,2.6,8
1180,4,36.7,73,779,41,18.1,3.764285714,8
1180,5,33.3,75,955,44,18.1,3.764285714,8
1180,6,36.7,73,1132,38,18.1,4.9,8
1180,7,36.7,72,1309,43,18.1,3.764285714,8
1180,8,36.7,72,1485,45,18.1,4.9,8
1180,9,36.7,72,1662,45,18.1,3.764285714,8
1180,10,30.9,73,1838,48,18.1,2.6,8
1180,11,39,72,2015,38,18.1,3.764285714,8
1180,12,36.7,73,2015,39,18.1,4,8
1180,13,36.7,73,1308,0,18.1,3.764285714,8
1180,14,36.7,73,600,4,18.1,3.764285714,8
1787,1,30.9,72,249,0,13.65,3.79375,66
1787,2,36.7,73,333,3,15.95,3.79375,66
1787,3,33.4,79,417,6,18.1,3.79375,66
1787,4,37.7,76,501,9,18.1,3.79375,66
1787,5,34.3,73,585,10,15.95,3.79375,66
1787,6,36.7,73,669,12,15.95,3.79375,66
1787,7,36.7,81,754,14,15.95,2.6,66
1787,8,39.5,73,838,19,15.95,3.79375,66
1787,9,39.5,71,922,21,15.95,3.79375,66
1787,10,39.5,72,1006,25,15.95,3.79375,66
1787,11,36.7,73,1090,27,15.95,3.79375,66
1787,12,34.3,81,1174,28,15.95,3.79375,66
1787,13,36.7,73,1258,30,15.95,3.79375,66
1787,14,36.7,73,1342,33,15.95,3.79375,66
1082,1,33.4,76,249,0,15.11,4.05,30
1082,2,36.7,81,423,5,17.9,4.9,30
1082,3,37.7,81,597,8,15.11,4.9,30
1082,4,36.7,81,771,2,15.11,3.8,30
1082,5,30.9,73,945,5,14.3,4.05,30
1082,6,39.5,80,1118,10,15.11,4.05,30
1082,7,39,71,1292,13,15.11,4.05,30
1082,8,30.9,73,1466,2,15.11,4.05,30
1082,9,36.7,72,1640,2,14.3,4.05,30
1082,10,33.3,73,1814,4,15.11,4.05,30
1082,11,34.3,73,1988,4,15.11,4.05,30
1082,12,36.7,73,1988,8,15.11,4.05,30
1082,13,33.3,73,1294,12,14.3,4.05,30
1082,14,36.7,73,600,15,14.75,2.6,30
1543,1,36.7,72,249,0,18.18,4.3,34
1543,2,34.3,80,428,1,18.18,4.3,34
1543,3,33.3,75,606,4,18.18,4.3,34
1543,4,39.5,80,785,9,18.18,4.85,34
1543,5,39.5,79,964,38,18.18,4.3,34
1543,6,36.7,81,1143,2,18.18,4.3,34
1543,7,30.9,79,1321,4,18.1,4.9,34
1543,8,36.7,81,1500,6,17.9,4.3,34
1543,9,33.3,75,1679,7,18.6,4.3,34
1543,10,36.7,73,1858,8,18.18,2.6,34
1543,11,36.7,72,2036,9,18.18,4.85,34
1543,12,39.5,81,2215,10,18.18,4.3,34
1543,13,34.3,77,2215,15,18.1,4.3,34
1543,14,36.7,72,600,17,18.18,4.3,34
1510,1,36.7,73,249,0,18.6,4.75,80
1510,2,36.7,73,423,3,18.6,4.308333333,80
1510,3,39,77,597,4,18.6,4.308333333,80
1510,4,36.7,81,771,9,18.6,2.6,80
1510,5,37.7,73,945,12,18.6,4.308333333,80
1510,6,33.4,73,1118,15,18.6,4,80
1510,7,36.7,81,1292,18,18.6,4.308333333,80
1510,8,36.7,81,1466,21,18.6,4.308333333,80
1510,9,34.3,70,1640,21,18.6,4.85,80
1510,10,39,71,1814,25,18.6,4.308333333,80
1510,11,36.7,72,1988,29,18.6,4.9,80
1510,12,39.5,73,1988,33,18.6,4.308333333,80
1510,13,39,81,1294,36,18.6,4.75,80
1510,14,34.3,75,600,40,18.6,4.308333333,80
1367,1,39,73,249,0,18.27,3.316666667,62
1367,2,36.7,73,470,2,18.27,3.316666667,62
1367,3,33.3,70,690,5,18.27,3.316666667,62
1367,4,36.7,72,911,7,18.27,3.316666667,62
1367,5,34.3,81,1132,11,18.6,3.316666667,62
1367,6,34.3,72,1353,14,18.27,2.6,62
1367,7,36.7,81,1574,14,18.27,3.316666667,62
1367,8,37.7,76,1794,15,18.27,3.316666667,62
1367,9,39,81,2015,18,18.1,4.75,62
1367,10,36.7,72,2015,22,18.27,3.316666667,62
1367,11,36.7,72,1661,25,18.27,2.6,62
1367,12,39,72,1308,29,18.1,3.316666667,62
1367,13,39.5,71,954,31,18.27,3.316666667,62
1367,14,36.7,81,600,31,18.27,3.316666667,62
1992,1,36.7,73,249,0,15.2,2.6,0
1992,2,33.4,74,410,5,15.2,3.53,0
1992,3,33.3,73,570,6,14.75,2.6,0
1992,4,39.5,70,731,9,15.2,3.53,0
1992,5,33.4,73,891,10,14.75,3.53,0
1992,6,33.3,75,1052,13,15.2,3.53,0
1992,7,37.7,72,1212,13,15.2,3.53,0
1992,8,39,79,1373,15,15.2,4.85,0
1992,9,33.4,75,1533,38,18.1,3.8,0
1992,10,36.7,81,1694,40,15.2,3.8,0
1992,11,36.7,73,1854,43,13.65,3.53,0
1992,12,37.7,73,2015,47,14.75,3.53,0
1992,13,36.7,73,2015,50,15.2,3.53,0
1992,14,39,73,600,0,15.2,3.53,0
1654,1,37.7,73,249,0,16.46,2.6,0
1654,2,36.7,72,423,3,16.46,4.371428571,0
1654,3,36.7,73,597,6,18.6,4.85,0
1654,4,34.3,73,771,10,16.46,3.8,0
1654,5,30.9,73,945,0,16.46,4.371428571,0
1654,6,36.7,72,1118,1,14.3,4.371428571,0
1654,7,39.5,76,1292,2,16.46,4.371428571,0
1654,8,30.9,75,1466,3,16.46,4.85,0
1654,9,36.7,73,1640,7,17.9,4.9,0
1654,10,34.3,81,1814,8,17.9,4.371428571,0
1654,11,30.9,73,1988,10,14.3,4.75,0
1654,12,36.7,81,1988,15,17.9,4.371428571,0
1654,13,36.7,73,1294,38,14.3,4.371428571,0
1654,14,39,80,600,0,16.46,4.85,0
1857,1,39,77,249,0,15.83,4.23,20
1857,2,39.5,71,466,0,15.83,4.75,20
1857,3,36.7,81,684,3,14.75,4.9,20
1857,4,39.5,72,901,4,14.3,4.23,20
1857,5,39,75,1118,4,15.83,4,20
1857,6,34.3,75,1336,2,15.83,4.9,20
1857,7,36.7,72,1553,38,14.3,4.9,20
1857,8,34.3,76,1771,0,15.83,2.6,20
1857,9,36.7,73,1988,0,15.83,4,20
1857,10,37.7,72,1988,2,15.83,4.23,20
1857,11,37.7,73,1641,4,17.9,4.75,20
1857,12,33.4,73,1294,6,15.83,4.9,20
1857,13,37.7,73,947,7,17.9,4.23,20
1857,14,37.7,79,600,10,15.83,2.6,20
1296,1,39,79,1324,13,14.3,4.19,100
1296,2,36.7,73,1401,16,16.22,4.19,100
1296,3,39,76,1478,18,17.9,4.19,100
1296,4,39.5,79,1554,19,16.22,2.6,100
1296,5,39.5,71,1631,24,16.22,4.19,100
1296,6,33.3,72,1708,0,16.22,4.19,100
1296,7,39,73,1785,4,16.22,4.19,100
1296,8,33.4,72,1861,38,14.75,4.19,100
1296,9,36.7,73,1938,41,16.22,4.19,100
1296,10,33.4,72,2015,43,16.22,4.19,100
1296,11,37.7,73,2015,47,14.3,4.19,100
1296,12,36.7,72,1543,49,16.22,4.75,100
1296,13,36.7,72,1072,49,17.9,4.19,100
1296,14,30.9,72,600,50,16.22,4.75,100
1501,1,36.7,73,249,0,14.79,4.45,12
1501,2,30.9,76,495,3,13.65,4.45,12
1501,3,37.7,81,740,7,14.3,4.45,12
1501,4,33.3,81,986,12,14.75,4.45,12
1501,5,39,81,1232,13,14.79,4,12
1501,6,30.9,78,1478,16,13.65,4.45,12
1501,7,36.7,73,1724,0,14.79,4.9,12
1501,8,33.3,74,1969,3,14.79,4.45,12
1501,9,34.3,73,2215,5,14.79,4.45,12
1501,10,39,72,2215,38,14.79,4.45,12
1501,11,39.5,70,1811,43,14.79,4.45,12
1501,12,39.5,81,1408,2,18.1,4.45,12
1501,13,37.7,79,1004,4,14.3,4.45,12
1501,14,39.5,80,600,6,14.79,4.45,12
1670,1,37.7,70,249,0,15.62,4.75,4
1670,2,39.5,76,407,2,15.62,4.021428571,4
1670,3,33.4,72,565,2,15.62,4.021428571,4
1670,4,36.7,72,723,38,15.62,4.75,4
1670,5,37.7,78,881,41,14.3,2.6,4
1670,6,30.9,80,1039,38,18.1,4.021428571,4
1670,7,39.5,80,1198,42,15.62,4.9,4
1670,8,39,73,1356,38,15.62,3.8,4
1670,9,33.4,72,1514,40,15.62,4.021428571,4
1670,10,36.7,72,1672,43,18.6,4.021428571,4
1670,11,39,72,1830,48,14.75,2.6,4
1670,12,36.7,72,1988,2,13.65,4.021428571,4
1670,13,36.7,81,1988,3,15.62,4.75,4
1670,14,39.5,70,600,2,14.3,4.021428571,4
1908,1,33.3,75,249,0,17.9,3.625,12
1908,2,34.3,73,410,1,18.6,4,12
1908,3,36.7,73,570,3,18.6,3.625,12
1908,4,33.3,78,731,4,17.75,2.6,12
1908,5,39,79,891,9,17.9,2.6,12
1908,6,34.3,77,1052,11,17.75,3.625,12
1908,7,33.4,72,1212,13,17.75,2.6,12
1908,8,34.3,73,1373,16,17.75,2.6,12
1908,9,36.7,72,1533,16,17.75,4.75,12
1908,10,36.7,72,1694,0,17.75,3.625,12
1908,11,39.5,79,1854,3,14.75,2.6,12
1908,12,36.7,72,2015,5,18.6,4.75,12
1908,13,33.4,81,2015,6,17.75,4.85,12
1908,14,36.7,73,600,6,17.9,4.9,12
1325,1,36.7,72,249,0,17.9,3.75625,76
1325,2,33.4,76,495,2,15.85,3.75625,76
1325,3,37.7,74,740,3,15.85,4.85,76
1325,4,36.7,72,986,7,14.75,4.85,76
1325,5,36.7,81,1232,38,15.85,3.75625,76
1325,6,33.4,78,1478,38,13.65,4,76
1325,7,36.7,73,1724,42,15.85,3.8,76
1325,8,39,76,1969,45,13.65,3.75625,76
1325,9,36.7,73,2215,45,14.3,2.6,76
1325,10,36.7,81,2215,45,15.85,4.75,76
1325,11,39.5,79,1811,46,18.1,3.75625,76
1325,12,30.9,79,1408,49,18.6,3.75625,76
1325,13,37.7,75,1004,38,15.85,2.6,76
1325,14,36.7,72,600,38,15.85,2.6,76
1457,1,37.7,78,249,0,15.93,2.6,0
1457,2,36.7,73,410,0,15.93,4.075,0
1457,3,36.7,81,570,3,14.75,4.075,0
1457,4,33.3,78,731,3,15.93,4.75,0
1457,5,36.7,73,891,0,15.93,4.075,0
1457,6,36.7,81,1052,1,14.75,4.9,0
1457,7,36.7,73,1212,5,18.6,4.075,0
1457,8,30.9,73,1373,6,15.93,4.85,0
1457,9,33.4,79,1533,8,13.65,4.075,0
1457,10,39.5,77,1694,9,17.9,4.075,0
1457,11,37.7,80,1854,12,15.93,4.075,0
1457,12,34.3,80,2015,16,15.93,4.75,0
1457,13,36.7,72,2015,18,15.93,2.6,0
1457,14,36.7,72,600,0,15.93,4.075,0
1076,1,36.7,81,249,0,15.77,4,14
1076,2,36.7,72,426,3,15.77,4.533333333,14
1076,3,30.9,79,602,7,18.6,4.533333333,14
1076,4,33.3,71,779,10,15.77,3.8,14
1076,5,39.5,72,955,14,14.3,4.533333333,14
1076,6,36.7,73,1132,14,15.77,4.533333333,14
1076,7,30.9,81,1309,18,15.77,4.75,14
1076,8,36.7,72,1485,19,17.9,4.533333333,14
1076,9,36.7,73,1662,22,14.3,4.533333333,14
1076,10,36.7,81,1838,22,14.75,4.9,14
1076,11,37.7,72,2015,2,13.65,4.85,14
1076,12,36.7,73,2015,5,14.75,4.533333333,14
1076,13,39.5,71,1308,5,15.77,4.9,14
1076,14,36.7,73,600,7,17.9,4.533333333,14
1993,1,37.7,73,249,0,15.69,4,12
1993,2,39,70,423,2,17.9,4.05,12
1993,3,39,73,597,6,18.6,2.6,12
1993,4,36.7,73,771,10,13.65,4.05,12
1993,5,33.4,70,945,14,15.69,4.05,12
1993,6,36.7,81,1118,38,15.69,4.05,12
1993,7,34.3,71,1292,38,15.69,4.05,12
1993,8,36.7,81,1466,38,15.69,4.05,12
1993,9,36.7,81,1640,41,13.65,4.05,12
1993,10,37.7,78,1814,43,15.69,4.75,12
1993,11,34.3,72,1988,44,15.69,4.05,12
1993,12,37.7,75,1988,45,18.1,4.05,12
1993,13,37.7,72,1294,2,13.65,4.05,12
1993,14,36.7,73,600,6,14.3,4.85,12
